,Time_Zone ,Date,Tweets_tag
1, Central Africa Standard Time	,2021-04-15,"		@cipesaug Link to join the Roundtable at 3 PM GMT -  https://t.co/Ivl6pO53Aa	en	[]	['https://bit.ly/3tm2rzu']	[]	0	0	1	[]	[]	https://twitter.com/AltowrOrg/status/1382643981075546116	False	0	0								[{'screen_name': 'cipesaug', 'name': 'CIPESA', 'id': '271439683'}]"
2, Central Africa Standard Time	,2021-04-15,"		@muyambo_r @RachaHaffar Link to join the Roundtable at 3 PM GMT -  https://t.co/Ivl6pO53Aa	en	[]	['https://bit.ly/3tm2rzu']	[]	0	0	1	[]	[]	https://twitter.com/AltowrOrg/status/1382643905485750274	False	0	0								[{'screen_name': 'muyambo_r', 'name': 'Rita Muyambo', 'id': '2811799186'}, {'screen_name': 'RachaHaffar', 'name': 'Racha Haffar', 'id': '232278139'}]"
3, Central Africa Standard Time	,2021-04-15,"		@viac237 Link to join the Roundtable at 3 PM GMT -  https://t.co/Ivl6pO53Aa	en	[]	['https://bit.ly/3tm2rzu']	[]	0	0	0	[]	[]	https://twitter.com/AltowrOrg/status/1382643810937749504	False	0	0								[{'screen_name': 'viac237', 'name': 'Vision in Action', 'id': '2563729200'}]"
4, Central Africa Standard Time	,2021-04-15,"		@sodfadaaji Link to join the Roundtable -  https://t.co/Ivl6pO53Aa	en	[]	['https://bit.ly/3tm2rzu']	[]	0	1	0	[]	[]	https://twitter.com/AltowrOrg/status/1382643698090016768	False	0	0								[{'screen_name': 'sodfadaaji', 'name': 'Øµ', 'id': '800319110240342016'}]"
5, Central Africa Standard Time	,2021-04-15,"		Join the Strategic Roundtable on the Role of the Internet in Fueling the Growth of Human Trafficking at 3 PM GMT - with remarks from @shammad100 , @cipesaug , @NSCentre , @AfrikaYouthM , @equals_now - link:  https://t.co/Ivl6pO53Aa	en	[{'screen_name': 'shammad100', 'name': 'amb. salah hammad', 'id': '987728562'}, {'screen_name': 'cipesaug', 'name': 'cipesa', 'id': '271439683'}, {'screen_name': 'nscentre', 'name': 'north-south centre', 'id': '372897688'}, {'screen_name': 'afrikayouthm', 'name': 'afrika youth movement', 'id': '1246008111678271488'}, {'screen_name': 'equals_now', 'name': 'equals now', 'id': '1151200636580638721'}]	['https://bit.ly/3tm2rzu']	[]	0	5	2	[]	[]	https://twitter.com/AltowrOrg/status/1382643354777874432	False	https://twitter.com/AltowrOrg/status/1380895903612043265	0								[]"
6, Central Africa Standard Time	,2021-04-14,"		RT @GIVENALITY: @AltowrOrg @cipesaug @APC_News @AGA_Platform Thank you for having me, and good luck! Awesome work your think tank is doing.â€¦	en	""[{'screen_name': 'givenality', 'name': 'given edward', 'id': '65606085'}, {'screen_name': 'altowrorg', 'name': """"african legal think tank on women's rights"""", 'id': '1244001565599506433'}, {'screen_name': 'cipesaug', 'name': 'cipesa', 'id': '271439683'}, {'screen_name': 'apc_news', 'name': 'apc', 'id': '125427297'}, {'screen_name': 'aga_platform', 'name': 'african governance architecture', 'id': '989787246738968576'}]""	[]	[]	0	1	0	[]	[]	https://twitter.com/AltowrOrg/status/1382394373019729920	True	0	0					65606085	@AltowrOrg @cipesaug @APC_News @AGA_Platform Thank you for having me, and good luck! Awesome work your think tank is doing. A fan of your works ðŸ™�ðŸ�¼	1382393943254519809	[]	2021-04-14 19:02:54 W. Central Africa Standard Time"
7, Central Africa Standard Time	,2021-04-14,"		@GIVENALITY @cipesaug @APC_News @AGA_Platform Thank you for participating! We will be leveraging on your inputs tomorrow, prior to our strategic Roundtables. @GIVENALITY - we look forward to working w/ you &amp; thank you for inspiring all of us! ðŸ™�ðŸ�¼	en	[{'screen_name': 'givenality', 'name': 'given edward', 'id': '65606085'}]	[]	[]	1	0	2	[]	[]	https://twitter.com/AltowrOrg/status/1382392879407058945	False	0	0								[{'screen_name': 'GIVENALITY', 'name': 'Given Edward', 'id': '65606085'}, {'screen_name': 'cipesaug', 'name': 'CIPESA', 'id': '271439683'}, {'screen_name': 'APC_News', 'name': 'APC', 'id': '125427297'}, {'screen_name': 'AGA_Platform', 'name': 'African Governance Architecture', 'id': '989787246738968576'}]"
8, Central Africa Standard Time	,2021-04-14,"		@GIVENALITY @cipesaug @APC_News @AGA_Platform Thank you! We are taking note of that. And hereâ€™s our last question - do you think we should start this research in ðŸ‡¹ðŸ‡¿ ? We believe ICT will pave the way on many fronts, starting from the vulgarization and dissemination of frameworks and mechanisms.	en	[]	[]	[]	1	1	1	[]	[]	https://twitter.com/AltowrOrg/status/1382390472065306626	False	0	0								[{'screen_name': 'GIVENALITY', 'name': 'Given Edward', 'id': '65606085'}, {'screen_name': 'cipesaug', 'name': 'CIPESA', 'id': '271439683'}, {'screen_name': 'APC_News', 'name': 'APC', 'id': '125427297'}, {'screen_name': 'AGA_Platform', 'name': 'African Governance Architecture', 'id': '989787246738968576'}]"
9, Central Africa Standard Time	,2021-04-14,"		@GIVENALITY @cipesaug @APC_News @AGA_Platform What, as the African Legal Think Tank on Womenâ€™s "
10, Central Africa Standard Time	,2021-04-14,"		@GIVENALITY @cipesaug @APC_News @AGA_Platform We know that your inputs deserve peculiar attention when it comes to women, the use of ICT, accessibility, and how these can be streamed to combat human trafficking. In this regard, whatâ€™s in your opinion the current state of womenâ€™s participation &amp; ICT? /2	en	[]	[]	[]	1	0	0	[]	[]	https://twitter.com/AltowrOrg/status/1382387705405976577	False	0	0								[{'screen_name': 'GIVENALITY', 'name': 'Given Edward', 'id': '65606085'}, {'screen_name': 'cipesaug', 'name': 'CIPESA', 'id': '271439683'}, {'screen_name': 'APC_News', 'name': 'APC', 'id': '125427297'}, {'screen_name': 'AGA_Platform', 'name': 'African Governance Architecture', 'id': '989787246738968576'}]"
11, Central Africa Standard Time	,2021-04-14,"		@GIVENALITY Thank you very much @GIVENALITY : we are keeping this thread and make sure to disseminate your valuable inputs, including w/our partners, @cipesaug , @APC_News , but also @AGA_Platform . We are biased, surely: 1/	en	[{'screen_name': 'givenality', 'name': 'given edward', 'id': '65606085'}, {'screen_name': 'cipesaug', 'name': 'cipesa', 'id': '271439683'}, {'screen_name': 'apc_news', 'name': 'apc', 'id': '125427297'}, {'screen_name': 'aga_platform', 'name': 'african governance architecture', 'id': '989787246738968576'}]	[]	[]	1	0	0	[]	[]	https://twitter.com/AltowrOrg/status/1382387365608615938	False	0	0								[{'screen_name': 'GIVENALITY', 'name': 'Given Edward', 'id': '65606085'}]"
12, Central Africa Standard Time	,2021-04-14,"		@GIVENALITY @MyElimu @MtabeApp @shulewiki So, we wonder: â€œhow young people can use ICT for good and to which extent the environment is enabling and facilitating its access?We argue that access to ICT can actually foster participation and access to economic opportunities, reducing as such human trafficking. - @GIVENALITY	en	[{'screen_name': 'givenality', 'name': 'given edward', 'id': '65606085'}]	[]	[]	1	0	0	[]	[]	https://twitter.com/AltowrOrg/status/1382382727916351500	False	0	0								[{'screen_name': 'GIVENALITY', 'name': 'Given Edward', 'id': '65606085'}, {'screen_name': 'MyElimu', 'name': 'MyElimu', 'id': '446942051'}, {'screen_name': 'MtabeApp', 'name': 'Mtabe', 'id': '881969641727311872'}, {'screen_name': 'shulewiki', 'name': 'Shulewiki', 'id': '1097119247040479233'}]"
13, Central Africa Standard Time	,2021-04-14,"		@GIVENALITY @MyElimu @MtabeApp @shulewiki And we have assessed the role of the internet in fueling the growth of human trafficking, but also how ICT can be used to combat it. Many of the participants were young people and have expressed their interest in learning more about other countries and experiences. 2/	en	[]	[]	[]	1	0	0	[]	[]	https://twitter.com/AltowrOrg/status/1382382058832551939	False	0	0								[{'screen_name': 'GIVENALITY', 'name': 'Given Edward', 'id': '65606085'}, {'screen_name': 'MyElimu', 'name': 'MyElimu', 'id': '446942051'}, {'screen_name': 'MtabeApp', 'name': 'Mtabe', 'id': '881969641727311872'}, {'screen_name': 'shulewiki', 'name': 'Shulewiki', 'id': '1097119247040479233'}]"
14, Central Africa Standard Time	,2021-04-14,"		@GIVENALITY @MyElimu @MtabeApp @shulewiki Thank you @GIVENALITY for your remarkable work! To everyone tuned - please follow @MyElimu , @MtabeApp &amp; @shulewiki ! We would like to start from your background - ICT for good &amp; impact. We have just hosted 3 days training in ðŸ‡¬ðŸ‡², ðŸ‡²ðŸ‡· &amp;  ðŸ‡¨ðŸ‡© /1	en	[{'screen_name': 'givenality', 'name': 'given edward', 'id': '65606085'}, {'screen_name': 'myelimu', 'name': 'myelimu', 'id': '446942051'}, {'screen_name': 'mtabeapp', 'name': 'mtabe', 'id': '881969641727311872'}, {'screen_name': 'shulewiki', 'name': 'shulewiki', 'id': '1097119247040479233'}]	[]	[]	1	0	0	[]	[]	https://twitter.com/AltowrOrg/status/1382381740573007874	False	0	0								[{'screen_name': 'GIVENALITY', 'name': 'Given Edward', 'id': '65606085'}, {'screen_name': 'MyElimu', 'name': 'MyElimu', 'id': '446942051'}, {'screen_name': 'MtabeApp', 'name': 'Mtabe', 'id': '881969641727311872'}, {'screen_name': 'shulewiki', 'name': 'Shulewiki', 'id': '1097119247040479233'}]"
15, Central Africa Standard Time	,2021-04-14,"		@GIVENALITY Before we dive into the conversation, can you please tell us a bit about yourself? ðŸ‡¹ðŸ‡¿	en	[]	[]	[]	1	0	0	[]	[]	https://twitter.com/AltowrOrg/status/1382379727084781577	False	0	0								[{'screen_name': 'GIVENALITY', 'name': 'Given Edward', 'id': '65606085'}]"
16, Central Africa Standard Time	,2021-04-14,"		Hi @GIVENALITY, thank you for accepting our invitation âœŒðŸ�¼ We are excited to read about your journey and advices on how ICT can be used to combat human trafficking.	en	[{'screen_name': 'givenality', 'name': 'given edward', 'id': '65606085'}]	[]	[]	1	1	0	[]	[]	https://twitter.com/AltowrOrg/status/1382379080671170567	False	0	0								[]"
17, Central Africa Standard Time	,2021-04-14,		[THREAD] - Pan-African Twitter Chat with @GIVENALITY on leveraging ICT and digital space to combat human trafficking. This chat is part of a project supported by @cipesaug as part of the Africa Digital 
18, Central Africa Standard Time	,2021-04-14,"		Good afternoon &amp; good evening everyone! Whoâ€™s ready for our pan-African twitter chat w/ @GIVENALITY ? Whoâ€™s with us? Can we get some reactions? âœŠðŸ�¼ðŸ™�ðŸ�¼	en	[{'screen_name': 'givenality', 'name': 'given edward', 'id': '65606085'}]	[]	[]	0	3	15	[]	[]	https://twitter.com/AltowrOrg/status/1382377196778569728	False	0	0								[]"
19, Central Africa Standard Time	,2021-04-14,"		Today, we will be hosting @GIVENALITY to discuss how ICT can support the elimination of human trafficking. This is possible through the generous support of @cipesaug . Join the pan-African discussion at 5 PM GMT.	en	[{'screen_name': 'givenality', 'name': 'given edward', 'id': '65606085'}, {'screen_name': 'cipesaug', 'name': 'cipesa', 'id': '271439683'}]	[]	[]	0	5	8	[]	[]	https://twitter.com/AltowrOrg/status/1382320954785812480	False	https://twitter.com/AltowrOrg/status/1381988320008409090	0								[]"
20, Central Africa Standard Time	,2021-04-13,"		""Le saviez-vous? Nous organisons ces jours-ci des formation en ðŸ‡¬ðŸ‡², ðŸ‡²ðŸ‡· &amp; ðŸ‡¨ðŸ‡© sur """"le RÃ´le d'Internet dans la Croissance de la Traite des ÃŠtres Humains"""", mais ce n'est pas assez: pour ceci, nous organisons un chat Pan africain avec le soutien genereux de @cipesaug. Restez branchÃ©.e.s""	fr	[{'screen_name': 'cipesaug', 'name': 'cipesa', 'id': '271439683'}]	[]	[]	0	3	4	[]	[]	https://twitter.com/AltowrOrg/status/1381989519755513861	False	0	0								[]"
21, Central Africa Standard Time	,2021-04-13,"		""Do you know ? We are currently hosting virtual trainings in the ðŸ‡¬ðŸ‡², ðŸ‡²ðŸ‡· &amp; ðŸ‡¨ðŸ‡©on """"the Role of the Internet in Fueling the Growth of Human Trafficking"""", but it's not enough: that's why we are hosting a Pan-African twitter chat through the generous support of @cipesaug. Stay tuned  https://t.co/LWE6X6S03j""	en	[{'screen_name': 'cipesaug', 'name': 'cipesa', 'id': '271439683'}]	[]	['https://pbs.twimg.com/media/Ey3PDYnXEAIqS38.jpg']	1	6	9	[]	[]	https://twitter.com/AltowrOrg/status/1381988320008409090	False	0	1	https://pbs.twimg.com/media/Ey3PDYnXEAIqS38.jpg							[]"
22, Central Africa Standard Time	,2021-04-12,"		We are starting the training on â€œthe Role of the Internet in Fueling the Growth of Human Trafficking in #Mauritaniaâ€�, after a fruitful engagement with the participants from #DRC. This is possible through the generous support of @cipesaug ðŸ™�ðŸ�¼  https://t.co/h2ICMJPV0Y	en	[{'screen_name': 'cipesaug', 'name': 'cipesa', 'id': '271439683'}]	[]	['https://pbs.twimg.com/media/EyxXr7mXIAIHNXB.jpg']	0	3	5	['mauritania', 'drc']	[]	https://twitter.com/AltowrOrg/status/1381575606832402443	False	0	1	https://pbs.twimg.com/media/EyxXr7mXIAIHNXB.jpg							[]"
23, Central Africa Standard Time	,2021-04-09,"		RT @ZuwaMatondo: Join myself, @aya_chebbi and @sodfadaaji for a â€œFriday convo with Phumzile Mlambo-Ngcuka (@phumzileunwomen), Executive Dirâ€¦	en	[{'screen_name': 'zuwamatondo', 'name': 'zuwa matondo', 'id': '3342131999'}, {'screen_name': 'aya_chebbi', 'name': 'aya chebbi', 'id': '363110413'}, {'screen_name': 'sodfadaaji', 'name': 'Øµ', 'id': '800319110240342016'}, {'screen_name': 'phumzileunwomen', 'name': 'phumzile mlambo', 'id': '1585589059'}]	[]	[]	0	10	0	[]	[]	https://twitter.com/AltowrOrg/status/1380390410917400576	True	https://twitter.com/aya_chebbi/status/1380124610398720001	0					3342131999	""Join myself, @aya_chebbi and @sodfadaaji for a"
24,menâ€� in the InterGenerational Africa #Clubhouse!,,
25,,,
26,,,
27,,,
28, Central Africa Standard Time,,
29, Central Africa Standard Time	,2021-03-25,"		Our very own Executive Director @sodfadaaji &amp; Member of the Board of Directors @marilynkamuru have been included by @apoliticalco as one of the 100 Most Influential People in Gender Policy 2021! Weâ€™re excited to share the news! #GenderEquality100 #GenerationEquality  https://t.co/6CdKm97myl	en	[{'screen_name': 'sodfadaaji', 'name': 'Øµ', 'id': '800319110240342016'}, {'screen_name': 'marilynkamuru', 'name': '#weare52pc', 'id': '226909708'}, {'screen_name': 'apoliticalco', 'name': 'apolitical', 'id': '3374431174'}]	[]	['https://pbs.twimg.com/media/ExVIFLXWgAImoOb.jpg']	7	15	41	['genderequality100', 'generationequality']	[]	https://twitter.com/AltowrOrg/status/1375084531397578753	False	0	1	https://pbs.twimg.com/media/ExVIFLXWgAImoOb.jpg							[]"
30, Central Africa Standard Time	,2021-03-19,"		We are recruiting a Trainer in The Gambia to deliver a three days training on â€œThe Role of the Internet in fueling the growth of human trafficking in The Gambiaâ€�.  https://t.co/3ZgyUZmuYe	en	[]	[]	['https://pbs.twimg.com/media/Ew1OwmSWUAQMRTi.jpg', 'https://pbs.twimg.com/media/Ew1OwmTWYAAVOQo.jpg']	0	7	6	[]	[]	https://twitter.com/AltowrOrg/status/1372840071318110208	False	0	1	https://pbs.twimg.com/media/Ew1OwmSWUAQMRTi.jpg							[]"
31, Central Africa Standard Time	,2021-03-19,"		Nous recrutons un.e formateur.trice en RÃ©publique DÃ©mocratique du Congo pour livrer une formation de trois jours sur â€œLe RÃ´le dâ€™Internet dans la croissance de la traite des Ãªtres humains en RÃ©publique DÃ©mocratique du Congo.â€�  https://t.co/0PVg2K8gGO	fr	[]	[]	['https://pbs.twimg.com/media/Ew0_DiJWUAk1C4r.jpg', 'https://pbs.twimg.com/media/Ew0_DiJWQAI8FEH.jpg']	0	5	3	[]	[]	https://twitter.com/AltowrOrg/status/1372822823773859840	False	0	1	https://pbs.twimg.com/media/Ew0_DiJWUAk1C4r.jpg							[]"
32, Central Africa Standard Time	,2021-03-19,"		Nous recrutons un.e formateur.trice en Mauritanie pour livrer une formation de trois jours sur â€œLe RÃ´le dâ€™Internet dans la croissance de la traite des Ãªtres humains en Mauritanie.â€�  https://t.co/jfrZyJThzB	fr	[]	[]	['https://pbs.twimg.com/media/Ew0z_iVXIAAoY9C.jpg', 'https://pbs.twimg.com/media/Ew0z_iZWgAAJemR.jpg']	0	4	4	[]	[]	https://twitter.com/AltowrOrg/status/1372810645910007810	False	0	1	https://pbs.twimg.com/media/Ew0z_iVXIAAoY9C.jpg							[]"
33, Central Africa Standard Time	,2021-03-18,"		We are recruiting a graphic designer to support the finalisation of the Studies and Curriculum on â€œThe Role of the Internet in fuelling the growth of human trafficking in the Gambia, Mauritania, Democratic Republic of Congo.â€�  https://t.co/ZvN0qMWmNV	en	[]	[]	['https://pbs.twimg.com/media/EwwgCPCXAAIM6wW.png', 'https://pbs.twimg.com/media/EwwgDGsWEAA-FSi.jpg']	0	5	6	[]	[]	https://twitter.com/AltowrOrg/status/1372507475212128259	False	0	1	https://pbs.twimg.com/media/EwwgCPCXAAIM6wW.png							[]"
34, Central Africa Standard Time	,2021-01-25,"		Our executive director @sodfadaaji has provided remarks and moderated the session on youth participation to the achievement of the SDGs at the Global Youth Forum, organized by @ITCILO . We thank @ITCILO for inviting us and the participants for the valuable engagement ðŸ™�ðŸ�¼	en	[{'screen_name': 'sodfadaaji', 'name': 'Øµ', 'id': '800319110240342016'}, {'screen_name': 'itcilo', 'name': 'itcilo', 'id': '121754525'}, {'screen_name': 'itcilo', 'name': 'itcilo', 'id': '121754525'}]	[]	[]	0	1	5	[]	[]	https://twitter.com/AltowrOrg/status/1353673134512205824	False	0	0								[]"
35, Central Africa Standard Time	,2020-11-20,"		RT @AGA_Platform: Today's Africa Talks is a Q&amp;A hosted by @MakiTessema   #DGTrends #SilencingtheGuns  https://t.co/d16F12Alge	en	[{'screen_name': 'aga_platform', 'name': 'african governance architecture', 'id': '989787246738968576'}, {'screen_name': 'makitessema', 'name': 'makda m tessema', 'id': '4358683215'}]	[]	['https://pbs.twimg.com/media/EnQwQnOWMAA8EvQ.jpg']	0	5	0	['dgtrends', 'silencingtheguns']	[]	https://twitter.com/AltowrOrg/status/1329741566185975808	True	0	1	https://pbs.twimg.com/media/EnQwQnOWMAA8EvQ.jpg				989787246738968576	""Today's Africa Talks is a Q&amp;A hosted by @MakiTessema"
36, Central Africa Standard Time,,
37, Central Africa Standard Time	,2020-11-20,"		We are delighted to have our founder &amp; Executive Director @sodfadaaji participating in such a needed conversation #DGTrends	en	[{'screen_name': 'sodfadaaji', 'name': 'Øµ', 'id': '800319110240342016'}]	[]	[]	0	6	7	['dgtrends']	[]	https://twitter.com/AltowrOrg/status/1329741527816527875	False	https://twitter.com/AGA_Platform/status/1329740674195976192	0								[]"
38, Central Africa Standard Time	,2020-11-05,"		@RimaSghaier @marwaazelmat @AlaOueslat @AminaSoulimani @APC_News @takebackthetech Pour savoir davantage sur le sujet, ainsi que les rÃ©sultats de notre Ã©tude, nous vous invitons Ã  rejoindre notre webinaire demain en envoyant un mail Ã  info@altowr.org	fr	[]	[]	[]	0	1	2	[]	[]	https://twitter.com/AltowrOrg/status/1324367536985694209	False	0	0								[{'screen_name': 'RimaSghaier', 'name': 'Rima Sghaier Ø±ÙŠÙ…Ø§', 'id': '331963343'}, {'screen_name': 'marwaazelmat', 'name': 'Marwa', 'id': '748683049848692736'}, {'screen_name': 'AlaOueslat', 'name': 'Ala Oueslati', 'id': '2454507726'}, {'screen_name': 'AminaSoulimani', 'name': 'Amina Soulimani Ø£Ù…ÙŠÙ†Ø© Ø§Ù„Ø³Ù„ÙŠÙ…Ø§Ù†ÙŠ', 'id': '409896496'}, {'screen_name': 'APC_News', 'name': 'APC', 'id': '125427297'}, {'screen_name': 'takebackthetech', 'name': 'Take Back the Tech!', 'id': '17539984'}]"
39, Central Africa Standard Time	,2020-11-05,"		""@RimaSghaier @marwaazelmat @AlaOueslat @AminaSoulimani @APC_News @takebackthetech Par """"Revenge Porn"""" nous entendons la """"distribution non consensuelle d'images et/ou de vidÃ©os intimes"""" sur la sphÃ¨re numÃ©rique en particulier""	fr	[]	[]	[]	2	1	2	[]	[]	https://twitter.com/AltowrOrg/status/1324366028500074497	False	0	0								[{'screen_name': 'RimaSghaier', 'name': 'Rima Sghaier Ø±ÙŠÙ…Ø§', 'id': '331963343'}, {'screen_name': 'marwaazelmat', 'name': 'Marwa', 'id': '748683049848692736'}, {'screen_name': 'AlaOueslat', 'name': 'Ala Oueslati', 'id': '2454507726'}, {'screen_name': 'AminaSoulimani', 'name': 'Amina Soulimani Ø£Ù…ÙŠÙ†Ø© Ø§Ù„Ø³Ù„ÙŠÙ…Ø§Ù†ÙŠ', 'id': '409896496'}, {'screen_name': 'APC_News', 'name': 'APC', 'id': '125427297'}, {'screen_name': 'takebackthetech', 'name': 'Take Back the Tech!', 'id': '17539984'}]"
40, Central Africa Standard Time	,2020-11-05,"		Nous vous invitons Ã  rejoindre @AlaOueslat @marwaazelmat et Aicha Zinai qui discuteront du Revenge Porn ou la Distribution Non Consensuelle d'Images/VidÃ©os Intimes ce 6 Novembre, 16H GMT+1  ModÃ©ratrice @AminaSoulimani   Pour nous rejoindre, envoyez-nous un mail Ã  info@altowr.org  https://t.co/6yXcFbmpJU	fr	[{'screen_name': 'alaoueslat', 'name': 'ala oueslati', 'id': '2454507726'}, {'screen_name': 'marwaazelmat', 'name': 'marwa', 'id': '748683049848692736'}, {'screen_name': 'aminasoulimani', 'name': 'amina soulimani Ø£Ù…ÙŠÙ†Ø© Ø§Ù„Ø³Ù„ÙŠÙ…Ø§Ù†ÙŠ', 'id': '409896496'}]	[]	['https://pbs.twimg.com/media/EmEMNaCXUAAQFnb.jpg']	2	7	9	[]	[]	https://twitter.com/AltowrOrg/status/1324354433464078336	False	0	1	https://pbs.twimg.com/media/EmEMNaCXUAAQFnb.jpg							[]"
41, Central Africa Standard Time	,2020-11-03,"		Marquez vos dates !  Rendez-vous ce Vendredi 6 Novembre Ã  16H00 GMT +1  Si vous Ãªtes interessÃ©.e.s, envoyez-nous un mail sur info@altowr.org	fr	[]	[]	[]	0	3	5	[]	[]	https://twitter.com/AltowrOrg/status/1323577703623254016	False	https://twitter.com/takebackthetech/status/1323573132376956929	0								[]"
42, Central Africa Standard Time	,2020-11-02,"		10/ We invite our Francophone friends to join our Webinar on November 6 ( 16.00 GMT+1 ) to discuss the findings and interact w/ the invited panellists. To register, kindly send an email to info@altowr.org @APC_News @takebackthetech	en	[{'screen_name': 'apc_news', 'name': 'apc', 'id': '125427297'}, {'screen_name': 'takebackthetech', 'name': 'take back the tech!', 'id': '17539984'}]	[]	[]	0	3	4	[]	[]	https://twitter.com/AltowrOrg/status/1323141219858456576	False	0	0								[]"
43, Central Africa Standard Time	,2020-11-02,"		9/ We address the legal implications and remedies concerning the non-consensual dissemination of intimate images &amp; videos while attempting to provide recommendations developed through the support of legal experts &amp; consulted CSOs @takebackthetech	en	[{'screen_name': 'takebackthetech', 'name': 'take back the tech!', 'id': '17539984'}]	[]	[]	1	2	4	[]	[]	https://twitter.com/AltowrOrg/status/1323140797785624576	False	0	0								[]"
44, Central Africa Standard Time	,2020-11-02,"		8/ Remains relevant reframing the narrative and conversation: this is not about indecency &amp; purity. This is about privacy &amp; consent. However, women are trapped in a vicious cycle of victim-blaming and social exclusion. @takebackthetech	en	[{'screen_name': 'takebackthetech', 'name': 'take back the tech!', 'id': '17539984'}]	[]	[]	1	2	3	[]	[]	https://twitter.com/AltowrOrg/status/1323140097391419393	False	0	0								[]"
45, Central Africa Standard Time	,2020-11-02,"		""7/ OGBV occurs in many forms: the non-consensual dissemination of intimate images and videos is a reality in Tunisia and Algeria, as well. With the current pandemic, cases of """"revenge porn"""" occurred across the world. @takebackthetech""	en	[{'screen_name': 'takebackthetech', 'name': 'take back the tech!', 'id': '17539984'}]	[]	[]	1	2	3	[]	[]	https://twitter.com/AltowrOrg/status/1323139706993975296	False	0	0								[]"
46, Central Africa Standard Time	,2020-11-02,"		""6/ The same space is, from the one side, amplifying women's struggles &amp; resilience such as the #EnaZeda (me too) in Tunisia. From the other side, women are targeted over """"indecent content"""" as the case of the Tik Tok influencers in Egypt. @takebackthetech""	en	[{'screen_name': 'takebackthetech', 'name': 'take back the tech!', 'id': '17539984'}]	[]	[]	1	3	4	['enazeda']	[]	https://twitter.com/AltowrOrg/status/1323139452085088261	False	0	0								[]"
47, Central Africa Standard Time	,2020-11-02,"		5/ More than ever, remains relevant strengthening the nexus between GBV &amp; OGBV. The digital space has provided a platform to denounce oppression &amp; violation of human rights. The Internet has been the key ally of the uprisings in #Tunisia , #Algeria &amp; #Egypt @takebackthetech	en	[{'screen_name': 'takebackthetech', 'name': 'take back the tech!', 'id': '17539984'}]	[]	[]	1	2	3	['tunisia', 'algeria', 'egypt']	[]	https://twitter.com/AltowrOrg/status/1323138663467880449	False	0	0								[]"
48, Central Africa Standard Time	,2020-11-02,"		4/ In addressing #Mauritania &amp; #Morocco, our Handbook analyses the rights of women and girls in Western Sahara and investigates the political environment and its effect on VAWG, further exacerbated by the current pandemic. @takebackthetech	en	[{'screen_name': 'takebackthetech', 'name': 'take back the tech!', 'id': '17539984'}]	[]	[]	1	2	3	['mauritania', 'morocco']	[]	https://twitter.com/AltowrOrg/status/1323137939107385344	False	0	0								[]"
49, Central Africa Standard Time	,2020-11-02,"		3/ w/ the first democratic transition of power in #Mauritania, the country is taking steps towards women's rights, including w/ the recent establishment of the Observatory on Women's "
50, Central Africa Standard Time	,2020-11-02,"		2/ The Handbook explores GBV &amp; OGBV in the region, w/ particular attention to Tunisia and Algeria. The 1st section investigates women's rights in the region: the decade of political instability in #Libya doesn't offer an enabling environment for women's rights. @takebackthetech	en	[{'screen_name': 'takebackthetech', 'name': 'take back the tech!', 'id': '17539984'}]	[]	[]	1	2	3	['libya']	[]	https://twitter.com/AltowrOrg/status/1323136160407932928	False	0	0								[]"
51, Central Africa Standard Time	,2020-11-02,"		1/ Through the generous support of @APC_News , as part of @takebackthetech project, the @AltowrOrg has produced a Comparative Handbook on Revenge Porn - Non-Consensual Dissemination of Intimate Images and Videos - in North Africa: Tunisia &amp; Algeria.  https://t.co/L8CHSAihbo	en	""[{'screen_name': 'apc_news', 'name': 'apc', 'id': '125427297'}, {'screen_name': 'takebackthetech', 'name': 'take back the tech!', 'id': '17539984'}, {'screen_name': 'altowrorg', 'name': """"african legal think tank on women's rights"""", 'id': '1244001565599506433'}]""	[]	['https://pbs.twimg.com/media/Ely3QaaXgAAyRQt.jpg']	1	11	17	[]	[]	https://twitter.com/AltowrOrg/status/1323135295634722817	False	0	1	https://pbs.twimg.com/media/Ely3QaaXgAAyRQt.jpg							[]"
52, Central Africa Standard Time	,2020-11-01,"		""RT @takebackthetech: Ã€ ne pas manquer! Un webinaire sur le """"revenge porn"""" ou la diffusion non-consentie d'images intimes en Afrique du Nordâ€¦""	fr	[{'screen_name': 'takebackthetech', 'name': 'take back the tech!', 'id': '17539984'}]	[]	[]	0	2	0	[]	[]	https://twitter.com/AltowrOrg/status/1322711059099168771	True	https://twitter.com/AltowrOrg/status/1322448225719078912	0					17539984	""Ã€ ne pas manquer!"
53,,,
54, Central Africa Standard Time,,
55, Central Africa Standard Time	,2020-10-31,"		MalgrÃ© les dÃ©fis inattendus, nous sommes heureux d'annoncer le Webinaire de lancement du Manuel Comparatif sur le Revenge Porn en Afrique du Nord ce 6 Novembre Ã  16H00 GMT+1, avec le soutien gÃ©nÃ©reux de @APC_News   @takebackthetech .   RSVP en envoyant un mail Ã  info@altowr.org  https://t.co/tI4JQOHhIw	fr	[{'screen_name': 'apc_news', 'name': 'apc', 'id': '125427297'}, {'screen_name': 'takebackthetech', 'name': 'take back the tech!', 'id': '17539984'}]	[]	['https://pbs.twimg.com/media/EllwIwkX0AIwPnX.jpg']	0	2	2	[]	[]	https://twitter.com/AltowrOrg/status/1322448225719078912	False	0	1	https://pbs.twimg.com/media/EllwIwkX0AIwPnX.jpg							[]"
56, Central Africa Standard Time	,2020-10-22,"		""Nous recrutons un.e Chercheur.e pour la production d'une Ã©tude sur """"Le rÃ´le dâ€™Internet dans la croissance de la traite des Ãªtres humains en Mauritanieâ€�. Date Limite: 1 Novembre, 17.00 GMT+3 #Mauritania  @cipesaug  https://t.co/05Glrnffqd""	fr	[{'screen_name': 'cipesaug', 'name': 'cipesa', 'id': '271439683'}]	[]	['https://pbs.twimg.com/media/Ek8PN-BU8AUF-lK.png', 'https://pbs.twimg.com/media/Ek8POBKUcAMoMnl.png']	0	1	3	['mauritania']	[]	https://twitter.com/AltowrOrg/status/1319290062983491584	False	0	1	https://pbs.twimg.com/media/Ek8PN-BU8AUF-lK.png							[]"
57, Central Africa Standard Time	,2020-10-22,"		""Nous recrutons un.e Chercheur.e pour la production d'une Ã©tude sur """"Le rÃ´le dâ€™Internet dans la croissance de la traite des Ãªtres humains en RÃ©publique DÃ©mocratique du Congo (RDC)â€�. Date Limite: 1 Novembre, 17.00 GMT+3 @cipesaug  https://t.co/rtCQbxz1xT""	fr	[{'screen_name': 'cipesaug', 'name': 'cipesa', 'id': '271439683'}]	[]	['https://pbs.twimg.com/media/Ek7nEm_XUAAEIlR.png', 'https://pbs.twimg.com/media/Ek7nFwnXUAA3IyF.png']	0	2	9	[]	[]	https://twitter.com/AltowrOrg/status/1319246551718547457	False	0	1	https://pbs.twimg.com/media/Ek7nEm_XUAAEIlR.png							[]"
58, Central Africa Standard Time	,2020-10-22,"		""We are hiring a Researcher in the #Gambia to produce a Study on """"The role of the Internet in fueling the growth of human trafficking in the Gambia"""". Deadline: November 1st, 5.00 PM (GMT+3). @cipesaug  https://t.co/4CigEs3nht""	en	[{'screen_name': 'cipesaug', 'name': 'cipesa', 'id': '271439683'}]	[]	['https://pbs.twimg.com/media/Ek7APwEXUAE1K_k.png', 'https://pbs.twimg.com/media/Ek7AQskXEAIG-Qz.jpg']	1	18	19	['gambia']	[]	https://twitter.com/AltowrOrg/status/1319203421338193926	False	0	1	https://pbs.twimg.com/media/Ek7APwEXUAE1K_k.png							[]"
59, Central Africa Standard Time	,2020-09-15,"		""RT @euromedwomen: Call for Legal Experts to support the """"Comparative Manual on Revenge Porn in North Africa: #Tunisia &amp; #Algeria""""  ðŸ‡¹ðŸ‡³ ðŸ‡©ðŸ‡¿ Byâ€¦""	en	""[{'screen_name': 'euromedwomen', 'name': """"euro-mediterranean women's foundation"""", 'id': '892364510572539904'}]""	[]	[]	0	3	0	['tunisia', 'algeria']	[]	https://twitter.com/AltowrOrg/status/1305853411141840903	True	0	0					892364510572539904	""Call for Legal Experts to support the """"Comparative Manual on Revenge Porn in North Africa: #Tunisia &amp; #Algeria"""""
60,,,
61,,,
62,,,
63,"D0dmAfj""	13058531318598",1305853131859820544,
64, Central Africa Standard Time	,2020-09-09,"		RT @FemWiseAfrica: ANNOUNCEMENT: @FemWiseAfrica is collecting stories on the roles of #women in #indigenous or #traditional approaches to mâ€¦	en	[{'screen_name': 'femwiseafrica', 'name': 'femwise-africa', 'id': '964028052824121344'}, {'screen_name': 'femwiseafrica', 'name': 'femwise-africa', 'id': '964028052824121344'}]	[]	[]	0	57	0	['women', 'indigenous', 'traditional']	[]	https://twitter.com/AltowrOrg/status/1303682959225040897	True	0	0					964028052824121344	ANNOUNCEMENT: @FemWiseAfrica is collecting stories on the roles of #women in #indigenous or #traditional approaches to mediation and conflict resolution. Deadline 01 Oct 2020. French, English, Arabic &amp; Portuguese submissions accepted. @AU_WGDD @AU_PSD @_AfricanUnion @AUBinetaDiop https://t.co/XQ4BxggLtM	1303639652151287812	[]	2020-09-09 11:21:28 W. Central Africa Standard Time"
65, Central Africa Standard Time	,2020-09-08,"		Nous recrutons un.e expert.e juridique pour soutenir la production du â€œManuel Comparatif sur le Revenge Porn en Afrique du Nord: Tunisie et AlgÃ©rieâ€�. Pour postuler, veuillez envoyer votre CV et une Lettre de Motivation dâ€™une (01) page au plus tard le 18 Septembre. #Tunisie  https://t.co/Osy59AcLH2	fr	[]	[]	['https://pbs.twimg.com/media/EhZ_G6EX0AUYMVf.jpg', 'https://pbs.twimg.com/media/EhZ_WAjXgAMm5Cs.jpg']	0	5	9	['tunisie']	[]	https://twitter.com/AltowrOrg/status/1303369167190601728	False	0	1	https://pbs.twimg.com/media/EhZ_G6EX0AUYMVf.jpg							[]"
66, Central Africa Standard Time	,2020-09-08,"		Nous recrutons un.e expert.e juridique pour soutenir la production du â€œManuel Comparatif sur le Revenge Porn en Afrique du Nord: Tunisie et AlgÃ©rieâ€�. Pour postuler, veuillez envoyer votre CV et une Lettre de Motivation dâ€™une (01) page au plus tard le 18 Septembre. #Algerie  https://t.co/j1nTuee7tZ	fr	[]	[]	['https://pbs.twimg.com/media/EhYToheXsAIhgoP.jpg', 'https://pbs.twimg.com/media/EhYUQmDXkAIPLag.jpg']	0	9	5	['algerie']	[]	https://twitter.com/AltowrOrg/status/1303251531169492992	False	0	1	https://pbs.twimg.com/media/EhYToheXsAIhgoP.jpg							[]"
67, Central Africa Standard Time	,2020-08-25,"		Check this interesting Analytical Event Report on the Impact of the COVID-19 Pandemic on Constitutionalism and the Rule of Law in North Africa. - @IDEA_Africa	en	[{'screen_name': 'idea_africa', 'name': 'international idea africa & west asia', 'id': '3599283195'}]	[]	[]	0	2	3	[]	[]	https://twitter.com/AltowrOrg/status/1298276563377688579	False	https://twitter.com/IDEA_Africa/status/1298264771616100354	0								[]"
68, Central Africa Standard Time	,2020-08-04,"		On July 30, 2020, #ALTOWR hosted a Consultative Roundtable on Human Trafficking, marking the first of a series of conversations. @NyaKabs discusses Human Trafficking in Kenya and the work of @HAARTKenya against Human Trafficking.  #ALTOWRTALKS  Watch here  https://t.co/kd59Ug7CX0	en	[{'screen_name': 'nyakabs', 'name': 'me', 'id': '139132582'}, {'screen_name': 'haartkenya', 'name': 'haart- kenya', 'id': '1254156906'}]	['http://www.youtube.com/watch?v=p7qP-9UtQts&t=20s']	[]	0	1	1	['altowr', 'altowrtalks']	[]	https://twitter.com/AltowrOrg/status/1290603389349433345	False	0	0								[]"
69, Central Africa Standard Time	,2020-08-04,"		On July 30, 2020, #ALTOWR hosted a Consultative Roundtable on Human Trafficking, marking the first of a series of conversations. @FrontiersTaker Law School student from Nigeria discusses her recent research on Human Trafficking.    #ALTOWRTALKS  Watch here  https://t.co/aIjygtT9H0	en	[{'screen_name': 'frontierstaker', 'name': 'ife', 'id': '1702348464'}]	['http://www.youtube.com/watch?v=7qYjoeTDeFI&t=14s']	[]	0	2	2	['altowr', 'altowrtalks']	[]	https://twitter.com/AltowrOrg/status/1290588286864375808	False	0	0								[]"
70, Central Africa Standard Time	,2020-08-04,"		On July 30, 2020 #ALTOWR hosted a Consultative Roundtable on Human Trafficking, marking the first of a series of conversations. @SiaWongo from @washnetsl discusses the role of CSOs &amp; Youth in organizing against Human Trafficking.   #ALTOWRTALKS  Watch here  https://t.co/v0baPEJeaV	en	[{'screen_name': 'siawongo', 'name': 'ellen sia wongo', 'id': '3061239495'}, {'screen_name': 'washnetsl', 'name': 'wash-net sierra leone', 'id': '3305867392'}]	['http://www.youtube.com/watch?v=8p8c9nifPAc&t=36s']	[]	0	2	4	['altowr', 'altowrtalks']	[]	https://twitter.com/AltowrOrg/status/1290573187604873217	False	0	0								[]"
71, Central Africa Standard Time	,2020-08-04,"		On July 30, 2020, #ALTOWR hosted a Consultative Roundtable on Human Trafficking, marking the first of a series of conversations. Malaika Oringo, Founder of @ToMalaika discusses the Role of Survivors of Human Trafficking.   #ALTOWRTALKS  Watch here  https://t.co/vymSODcgGi	en	[{'screen_name': 'tomalaika', 'name': 'malaika footprint to freedom consultancy', 'id': '1180591381884100608'}]	['http://www.youtube.com/watch?v=aRbEOil7umw']	[]	0	1	2	['altowr', 'altowrtalks']	[]	https://twitter.com/AltowrOrg/status/1290558090748731392	False	0	0								[]"
72, Central Africa Standard Time	,2020-07-27,"		On July 30, 2020, from 2.00 to 3.30 PM, @AltowrOrg is hosting a Consultative Roundtable on Human Trafficking. We invite those who are interested in attending to send an e-mail to info@altowr.org w/ a paragraph containing previous engagement and/or interest on the subject.  https://t.co/mlxYUfKmHE	en	""[{'screen_name': 'altowrorg', 'name': """"african legal think tank on women's rights"""", 'id': '1244001565599506433'}]""	[]	['https://pbs.twimg.com/media/Ed7_svJWkAA5qMb.png']	0	6	15	[]	[]	https://twitter.com/AltowrOrg/status/1287748543063654403	False	0	1	https://pbs.twimg.com/media/Ed7_svJWkAA5qMb.png							[]"
73, Central Africa Standard Time	,2020-07-15,"		@dev_dispatch @AfricansRising Thank you for sharing, @dev_dispatch . We have filled in the survey accordingly. Please keep us posted ðŸ™�ðŸ�½	en	[{'screen_name': 'dev_dispatch', 'name': 'devdispatch', 'id': '1180605754958585862'}]	[]	[]	1	0	1	[]	[]	https://twitter.com/AltowrOrg/status/1283308492821069827	False	0	0								[{'screen_name': 'dev_dispatch', 'name': 'DevDispatch', 'id': '1180605754958585862'}, {'screen_name': 'AfricansRising', 'name': 'Africans Rising', 'id': '733611995447058433'}]"
74, Central Africa Standard Time	,2020-07-14,		RT @CHR_Human
75,,,
76,,,", @TuksLawFest is calling on researchers to evaluate the impact of the Maputo Protocol in selected countries in Africa."
77,,,
78,"g""	1282682300652814336	[]	",1282682300652814336,
79, Central Africa Standard Time	,2020-07-13,"		Rotimi Olawale ( @rotexonline )is the Executive Director of Youth Hub Africa;  Syeda Re'em Hussain is the Lead of Afresist Youth Leadership Program.  https://t.co/YNE0DfAeiB	en	[{'screen_name': 'rotexonline', 'name': 'rotimi olawale', 'id': '39546343'}]	[]	['https://pbs.twimg.com/media/Ec06v-_XoAAoR64.jpg', 'https://pbs.twimg.com/media/Ec06xFnWsAAGviq.jpg']	1	9	31	[]	[]	https://twitter.com/AltowrOrg/status/1282746093525139459	False	0	1	https://pbs.twimg.com/media/Ec06v-_XoAAoR64.jpg							[]"
80, Central Africa Standard Time	,2020-07-13,"		Marilyn Muthoni Kamuru is a Lawyer, Entrepreneur and Writer;  Dr. Zahara Nampewo ( @ZNampewo ) is a Human "
81, Central Africa Standard Time	,2020-07-13,		Ala Oueslati ( @AlaOueslat ) is a Global Communications and SRHR Advocacy Expert / Writer / Women's 
82, Central Africa Standard Time	,2020-07-13,"		Amb. Salah S. Hammad ( @shammad100 ) is the Head of the African Governance Architecture ( AGA ) Secretariat at the African Union;  Crystal Onyekachukwu Ikanih-Musa ( @cikanihmusa ) is the Malala Fund, Country Representative - Nigeria;  https://t.co/9xqC7XcTUF	en	[{'screen_name': 'shammad100', 'name': 'amb. salah hammad', 'id': '987728562'}, {'screen_name': 'cikanihmusa', 'name': 'crystal ikanih-musa', 'id': '800729784510599168'}]	[]	['https://pbs.twimg.com/media/Ec03oDHXsAAOSVD.jpg', 'https://pbs.twimg.com/media/Ec03sx9XsAA2-16.jpg']	2	6	17	[]	[]	https://twitter.com/AltowrOrg/status/1282743152915492865	False	0	1	https://pbs.twimg.com/media/Ec03oDHXsAAOSVD.jpg							[]"
83, Central Africa Standard Time	,2020-07-13,"		We are pleased to announce our Board of Directors, appointed to oversee the leadership, accountability and transparency of the African Legal Think Tank on Women's "
84, Central Africa Standard Time	,2020-07-11,"		As such, we warmly welcome the bravery and initiatives such as the ones lead by @ChiomaChuka and @rotexonline . ðŸ™�ðŸ�¼	en	[{'screen_name': 'chiomachuka', 'name': 'chioma agwuegbo', 'id': '57182930'}, {'screen_name': 'rotexonline', 'name': 'rotimi olawale', 'id': '39546343'}]	[]	[]	0	2	3	[]	[]	https://twitter.com/AltowrOrg/status/1282049918920785922	False	0	0								[]"
85, Central Africa Standard Time	,2020-07-11,"		We are extremely concerned by the disillusion and lack of public trust in the Federal Republic of Nigeria. The rights of women and girls are deeply affected by the mismanagement, corruption and culture of impunity which is exacerbating an already fragile system. @rotexonline	en	[{'screen_name': 'rotexonline', 'name': 'rotimi olawale', 'id': '39546343'}]	[]	[]	1	2	2	[]	[]	https://twitter.com/AltowrOrg/status/1282049916685230087	False	0	0								[]"
86, Central Africa Standard Time	,2020-07-11,"		However, some schools are a safe space for girls to escape from traditional harmful practices. But the quality of education in the continent is classist: child from low income families are condemned. Girls are even more vulnerable to such a patriarchal and classist system.	en	[]	[]	[]	1	1	2	[]	[]	https://twitter.com/AltowrOrg/status/1282048846542118915	False	0	0								[]"
87, Central Africa Standard Time	,2020-07-11,"		Universal Education is peculiarly important to dismantle a frequent trend of selection between girls and boys within low income families. Boys and young men are prioritized over girls and young women. Boys are seen as a potential income generator, while girls are left behind.	en	[]	[]	[]	1	1	3	[]	[]	https://twitter.com/AltowrOrg/status/1282048758235176968	False	0	0								[]"
88, Central Africa Standard Time	,2020-07-11,"		Thank you for such an interesting thread, @rotexonline , and our gratitude to @youthhubafrica for holding accountable Nigerian states for the UBE Funds. Is this thread relevant to the right of girls and adolescents? Yes.	en	[{'screen_name': 'rotexonline', 'name': 'rotimi olawale', 'id': '39546343'}, {'screen_name': 'youthhubafrica', 'name': 'youthhubafrica', 'id': '285761192'}]	[]	[]	1	2	6	[]	[]	https://twitter.com/AltowrOrg/status/1282048447122747398	False	https://twitter.com/rotexonline/status/1282031286312472577	0								[]"
89, Central Africa Standard Time	,2020-07-11,		We are excited to announce that we have officially launched the African Legal Think Tank on Women's 
90, Central Africa Standard Time	,2020-07-11,"		""@miss_petite_j @Ihemmamma We often hear about the importance of providing an education of quality to the """"future generation"""", which often translates in investing in boys and young men, rather to girls and young women.""	en	[]	[]	[]	0	1	3	[]	[]	https://twitter.com/AltowrOrg/status/1281942109075976192	False	0	0								[{'screen_name': 'miss_petite_j', 'name': 'Ngenarr-Yassin Jeng', 'id': '3289128560'}, {'screen_name': 'Ihemmamma', 'name': 'Onye Amuma', 'id': '985767989235593216'}]"
91, Central Africa Standard Time	,2020-07-10,"		@KorrJorrJeng Thank you for joining! We look forward to reading your contributions ðŸ™�ðŸ�½	en	[]	[]	[]	0	0	1	[]	[]	https://twitter.com/AltowrOrg/status/1281606231266938880	False	0	0								[{'screen_name': 'KorrJorrJeng', 'name': 'dormi thione ballago seck ðŸ•ŠðŸ’›', 'id': '819892769292488704'}]"
92, Central Africa Standard Time	,2020-07-10,"		@miss_petite_j @ChiomaChuka @Farida_N @KorrJorrJeng @haddijatoujonga @AjiSaineyKahESQ @ngaimasesay This is an ongoing conversation and we invite the participants to engage with our guests ( @ChiomaChuka ; @Farida_N ; @miss_petite_j ). We invite everyone to follow closely their work &amp; engagement. We thank you all for the warm participation to #ALTOWRTalks.	en	[{'screen_name': 'chiomachuka', 'name': 'chioma agwuegbo', 'id': '57182930'}, {'screen_name': 'farida_n', 'name': 'farida bemba nabourema', 'id': '34144915'}, {'screen_name': 'miss_petite_j', 'name': 'ngenarr-yassin jeng', 'id': '3289128560'}]	[]	[]	0	2	2	['altowrtalks']	[]	https://twitter.com/AltowrOrg/status/1281604665151496193	False	0	0								[{'screen_name': 'miss_petite_j', 'name': 'Ngenarr-Yassin Jeng', 'id': '3289128560'}, {'screen_name': 'ChiomaChuka', 'name': 'Chioma Agwuegbo', 'id': '57182930'}, {'screen_name': 'Farida_N', 'name': 'Farida Bemba Nabourema', 'id': '34144915'}, {'screen_name': 'KorrJorrJeng', 'name': 'dormi thione ballago seck ðŸ•ŠðŸ’›', 'id': '819892769292488704'}, {'screen_name': 'haddijatoujonga', 'name': 'Haddy Jonga', 'id': '376971036'}, {'screen_name': 'AjiSaineyKahESQ', 'name': 'Je suis FatiguÃ©', 'id': '3050882755'}, {'screen_name': 'NgaimaSesay', 'name': 'NGAIMOLOGY', 'id': '735056178326147072'}]"
93, Central Africa Standard Time	,2020-07-10,"		""@miss_petite_j @ChiomaChuka @Farida_N @KorrJorrJeng @haddijatoujonga @AjiSaineyKahESQ @ngaimasesay The lack of public trust, including in governments and in the justice system, is however compensated by the cross-sectoral solidarity built by activists and movement representatives. The """"New Normal"""" is, therefore, a Momentum to come together and work collectively. #ALTOWRTalks""	en	[]	[]	[]	1	2	3	['altowrtalks']	[]	https://twitter.com/AltowrOrg/status/1281604382556135426	False	0	0								[{'screen_name': 'miss_petite_j', 'name': 'Ngenarr-Yassin Jeng', 'id': '3289128560'}, {'screen_name': 'ChiomaChuka', 'name': 'Chioma Agwuegbo', 'id': '57182930'}, {'screen_name': 'Farida_N', 'name': 'Farida Bemba Nabourema', 'id': '34144915'}, {'screen_name': 'KorrJorrJeng', 'name': 'dormi thione ballago seck ðŸ•ŠðŸ’›', 'id': '819892769292488704'}, {'screen_name': 'haddijatoujonga', 'name': 'Haddy Jonga', 'id': '376971036'}, {'screen_name': 'AjiSaineyKahESQ', 'name': 'Je suis FatiguÃ©', 'id': '3050882755'}, {'screen_name': 'NgaimaSesay', 'name': 'NGAIMOLOGY', 'id': '735056178326147072'}]"
94, Central Africa Standard Time	,2020-07-10,"		@miss_petite_j @ChiomaChuka @Farida_N @KorrJorrJeng @haddijatoujonga @AjiSaineyKahESQ @ngaimasesay What has emerged from the valuable contribution of @ChiomaChuka ; @Farida_N &amp; @miss_petite_j is that the fragile system hasn't duly responded to the rise of #VAWG. Consequently, victims further find themselves dealing with a culture of impunity. #ALTOWRTalks	en	[{'screen_name': 'chiomachuka', 'name': 'chioma agwuegbo', 'id': '57182930'}, {'screen_name': 'farida_n', 'name': 'farida bemba nabourema', 'id': '34144915'}, {'screen_name': 'miss_petite_j', 'name': 'ngenarr-yassin jeng', 'id': '3289128560'}]	[]	[]	1	1	2	['vawg', 'altowrtalks']	[]	https://twitter.com/AltowrOrg/status/1281603535961051147	False	0	0								[{'screen_name': 'miss_petite_j', 'name': 'Ngenarr-Yassin Jeng', 'id': '3289128560'}, {'screen_name': 'ChiomaChuka', 'name': 'Chioma Agwuegbo', 'id': '57182930'}, {'screen_name': 'Farida_N', 'name': 'Farida Bemba Nabourema', 'id': '34144915'}, {'screen_name': 'KorrJorrJeng', 'name': 'dormi thione ballago seck ðŸ•ŠðŸ’›', 'id': '819892769292488704'}, {'screen_name': 'haddijatoujonga', 'name': 'Haddy Jonga', 'id': '376971036'}, {'screen_name': 'AjiSaineyKahESQ', 'name': 'Je suis FatiguÃ©', 'id': '3050882755'}, {'screen_name': 'NgaimaSesay', 'name': 'NGAIMOLOGY', 'id': '735056178326147072'}]"
95, Central Africa Standard Time	,2020-07-10,"		""@miss_petite_j @ChiomaChuka @Farida_N @KorrJorrJeng @haddijatoujonga @AjiSaineyKahESQ @ngaimasesay We would like to thank our guests @ChiomaChuka ; @Farida_N &amp; @miss_petite_j for taking time from their busy schedule to join our first #ALTOWRTalks to discuss The """"New Normal"""": A Momentum for Women's "
96, Central Africa Standard Time	,2020-07-10,"		RT @miss_petite_j: I should also highlight how lockdown measures backed up with #Gambia's social construct and gender roles are disproportiâ€¦	en	[{'screen_name': 'miss_petite_j', 'name': 'ngenarr-yassin jeng', 'id': '3289128560'}]	[]	[]	0	1	0	['gambia']	[]	https://twitter.com/AltowrOrg/status/1281577504621441024	True	0	0					3289128560	""I should also highlight how lockdown measures backed up with #Gambia's social construct and gender roles are disproportionately affecting girls in terms of education. Girls are less likely to spend time studying due to house work."
97,"Talks""	1281572212609363968	[]	",1281572212609363968,
98, Central Africa Standard Time	,2020-07-10,"		RT @miss_petite_j: Feminist movements are working towards consolidating both online and offline work for wider reach and greater impact. Itâ€¦	en	[{'screen_name': 'miss_petite_j', 'name': 'ngenarr-yassin jeng', 'id': '3289128560'}]	[]	[]	0	1	0	[]	[]	https://twitter.com/AltowrOrg/status/1281565465282842625	True	0	0					3289128560	""Feminist movements are working towards consolidating both online and offline work for wider reach and greater impact. It is also forcing organisations to analyse internal + government strategies in an effort to eliminate loopholes in the protection of women and girls"
99,"Talks""	1281564113693552646	[]	",1281564113693552646,
100, Central Africa Standard Time	,2020-07-10,"		RT @ChiomaChuka: @rotexonline @AltowrOrg @Farida_N @miss_petite_j @NGRPresident Loyalty to everything but the constitution. Wasn't it in thâ€¦	en	""[{'screen_name': 'chiomachuka', 'name': 'chioma agwuegbo', 'id': '57182930'}, {'screen_name': 'rotexonline', 'name': 'rotimi olawale', 'id': '39546343'}, {'screen_name': 'altowrorg', 'name': """"african legal think tank on women's rights"""", 'id': '1244001565599506433'}, {'screen_name': 'farida_n', 'name': 'farida bemba nabourema', 'id': '34144915'}, {'screen_name': 'miss_petite_j', 'name': 'ngenarr-yassin jeng', 'id': '3289128560'}, {'screen_name': 'ngrpresident', 'name': 'presidency nigeria', 'id': '2964950313'}]""	[]	[]	0	2	0	[]	[]	https://twitter.com/AltowrOrg/status/1281565104115515392	True	0	0					57182930	""@rotexonline @AltowrOrg @Farida_N @miss_petite_j @NGRPresident Loyalty to everything but the constitution. Wasn't it in this Nigeria that a federal legislator married a minor and said he wasn't beholden to the constitution but to his religion? There are still places in Nigeria where wives &amp; daughters are given to pay debts."
101,"Talks""	1281562550509936640	[]	",1281562550509936640,
102, Central Africa Standard Time	,2020-07-10,"		RT @rotexonline: @ChiomaChuka @AltowrOrg From the #BringbackOurGirls movement, I have seen a surge of women supporting women in Nigeria andâ€¦	en	""[{'screen_name': 'rotexonline', 'name': 'rotimi olawale', 'id': '39546343'}, {'screen_name': 'chiomachuka', 'name': 'chioma agwuegbo', 'id': '57182930'}, {'screen_name': 'altowrorg', 'name': """"african legal think tank on women's rights"""", 'id': '1244001565599506433'}]""	[]	[]	0	1	0	['bringbackourgirls']	[]	https://twitter.com/AltowrOrg/status/1281565091612241920	True	0	0					39546343	@ChiomaChuka @AltowrOrg From the #BringbackOurGirls movement, I have seen a surge of women supporting women in Nigeria and it's not surprising that women and women groups are at the fore front of supporting victims of GBV in Nigeria #ALTOWRTalks	1281562624077987840	[]	2020-07-10 13:15:14 W. Central Africa Standard Time"
103, Central Africa Standard Time	,2020-07-10,"		RT @rotexonline: @ChiomaChuka @AltowrOrg @Farida_N @miss_petite_j @NGRPresident Also in that specific case is the fact that the child rightâ€¦	en	""[{'screen_name': 'rotexonline', 'name': 'rotimi olawale', 'id': '39546343'}, {'screen_name': 'chiomachuka', 'name': 'chioma agwuegbo', 'id': '57182930'}, {'screen_name': 'altowrorg', 'name': """"african legal think tank on women's rights"""", 'id': '1244001565599506433'}, {'screen_name': 'farida_n', 'name': 'farida bemba nabourema', 'id': '34144915'}, {'screen_name': 'miss_petite_j', 'name': 'ngenarr-yassin jeng', 'id': '3289128560'}, {'screen_name': 'ngrpresident', 'name': 'presidency nigeria', 'id': '2964950313'}]""	[]	[]	0	1	0	[]	[]	https://twitter.com/AltowrOrg/status/1281565081046786050	True	0	0					39546343	@ChiomaChuka @AltowrOrg @Farida_N @miss_petite_j @NGRPresident Also in that specific case is the fact that the child right wasn't passed in his state #ALTOWRTalks	1281562861756653568	[]	2020-07-10 13:16:11 W. Central Africa Standard Time"
104, Central Africa Standard Time	,2020-07-10,"		RT @miss_petite_j: In Gambia, we have seen a scale down in community events but more emphasis on reaching women online and building their câ€¦	en	[{'screen_name': 'miss_petite_j', 'name': 'ngenarr-yassin jeng', 'id': '3289128560'}]	[]	[]	0	3	0	[]	[]	https://twitter.com/AltowrOrg/status/1281563676487622656	True	0	0					3289128560	""In Gambia, we have seen a scale down in community events but more emphasis on reaching women online and building their capacity. This is manifested in numerous webinars trainings by @equalsnow220 and the recent launching of the #GBV hotline (1313) by @opigambia"
105,"Talks""	1281563248224022529	[]	",1281563248224022529,
106, Central Africa Standard Time	,2020-07-10,"		RT @miss_petite_j: The pandemic has indeed slowed down community work due to social distancing regulations, however feminist organisationsâ€¦	en	[{'screen_name': 'miss_petite_j', 'name': 'ngenarr-yassin jeng', 'id': '3289128560'}]	[]	[]	0	2	0	[]	[]	https://twitter.com/AltowrOrg/status/1281563655868493832	True	0	0					3289128560	""The pandemic has indeed slowed down community work due to social distancing regulations, however feminist organisations are further embracing technology to connect globally, build platforms and reach new audiences."
107,"Talks""	1281562600",1281562600204046336,
108, Central Africa Standard Time	,2020-07-10,"		RT @miss_petite_j: Both #FGM and #ChildMarriage are illegal in #Gambia but continue to happen. While a survey has not been conducted duringâ€¦	en	[{'screen_name': 'miss_petite_j', 'name': 'ngenarr-yassin jeng', 'id': '3289128560'}]	[]	[]	0	1	0	['fgm', 'childmarriage', 'gambia']	[]	https://twitter.com/AltowrOrg/status/1281561947981447174	True	0	0					3289128560	Both #FGM and #ChildMarriage are illegal in #Gambia but continue to happen. While a survey has not been conducted during the pandemic there is no indication that these practices are not happening as most communities still have ceremonies &amp; a business as usual approach to #COVID19	1281561839202119681	[]	2020-07-10 13:12:07 W. Central Africa Standard Time"
109, Central Africa Standard Time	,2020-07-10,"		RT @miss_petite_j: A4. #Gambia is home to some amazing feminist youth groups including @equalsnow220 @opigambia @ThinkYoungWomen @AllGirlsAâ€¦	en	[{'screen_name': 'miss_petite_j', 'name': 'ngenarr-yassin jeng', 'id': '3289128560'}]	[]	[]	0	5	0	['gambia']	[]	https://twitter.com/AltowrOrg/status/1281561932609331200	True	https://twitter.com/AltowrOrg/status/1281558686767480833	0					3289128560	A4. #Gambia is home to some amazing feminist youth groups including @equalsnow220 @opigambia @ThinkYoungWomen @AllGirlsAgenda who are doing and continue to do great work despite the #COVID19 pandemic. #ALTOWRTalks	1281561835053953024	[]	2020-07-10 13:12:06 W. Central Africa Standard Time"
110, Central Africa Standard Time	,2020-07-10,"		RT @ChiomaChuka: @AltowrOrg Nevertheless, as bleak as the fight against SGBV in Nigeria may appear, there is light at the end of the tunnelâ€¦	en	""[{'screen_name': 'chiomachuka', 'name': 'chioma agwuegbo', 'id': '57182930'}, {'screen_name': 'altowrorg', 'name': """"african legal think tank on women's rights"""", 'id': '1244001565599506433'}]""	[]	[]	0	4	0	[]	[]	https://twitter.com/AltowrOrg/status/1281560794161983488	True	0	0					57182930	""@AltowrOrg Nevertheless, as bleak as the fight against SGBV in Nigeria may appear, there is light at the end of the tunnel."
111,,,
112,"Talks""	1281560622304563",1281560622304563200,
113, Central Africa Standard Time	,2020-07-10,"		RT @ChiomaChuka: @AltowrOrg There is also the normalised impunity propped up by the tripartite devils of patriarchy, culture, and an ineffeâ€¦	en	""[{'screen_name': 'chiomachuka', 'name': 'chioma agwuegbo', 'id': '57182930'}, {'screen_name': 'altowrorg', 'name': """"african legal think tank on women's rights"""", 'id': '1244001565599506433'}]""	[]	[]	0	3	0	[]	[]	https://twitter.com/AltowrOrg/status/1281559926658269184	True	0	0					57182930	""@AltowrOrg There is also the normalised impunity propped up by the tripartite devils of patriarchy, culture, and an ineffective legal system that creates a cycle of emboldened offenders leaving a trail of abuse everywhere they go."
114,,,
115,"Talks""	1281559363157667845	[]	",1281559363157667845,
116, Central Africa Standard Time	,2020-07-10,"		""@miss_petite_j Based on what you have highlighted, @miss_petite_j - Q4: The Gambia is an interesting Hub for Feminism and Women's "
117, Central Africa Standard Time	,2020-07-10,"		RT @ChiomaChuka: @AltowrOrg In the wake of #COVID19, thanks to the restrictions more vulnerable people have been holed up with abusers andâ€¦	en	""[{'screen_name': 'chiomachuka', 'name': 'chioma agwuegbo', 'id': '57182930'}, {'screen_name': 'altowrorg', 'name': """"african legal think tank on women's rights"""", 'id': '1244001565599506433'}]""	[]	[]	0	7	0	['covid19']	[]	https://twitter.com/AltowrOrg/status/1281558443602649091	True	0	0					57182930	""@AltowrOrg In the wake of #COVID19, thanks to the restrictions more vulnerable people have been holed up with abusers and so cases have increased. Women's voices continue to be strengthened, so more people are speaking up about present &amp; past abuse. This is the â€œNew Normal.â€�"
118,"Talks""	1281558370353385473	[]	",1281558370353385473,
119, Central Africa Standard Time	,2020-07-10,"		@miss_petite_j Thank you, @miss_petite_j , for highlighting the consequences of #COVID19 on #VAWG, including its effect on the overall legal system. Furthermore, the weakness of the system has affected the already fragile informal economy with consequences on women's welfare. #ALTOWRTalks	en	[{'screen_name': 'miss_petite_j', 'name': 'ngenarr-yassin jeng', 'id': '3289128560'}]	[]	[]	1	1	2	['covid19', 'vawg', 'altowrtalks']	[]	https://twitter.com/AltowrOrg/status/1281558442977656833	False	0	0								[{'screen_name': 'miss_petite_j', 'name': 'Ngenarr-Yassin Jeng', 'id': '3289128560'}]"
120, Central Africa Standard Time	,2020-07-10,"		RT @miss_petite_j: While cases of #VAWG are on the rise, there is an imminent backlog of cases due to social distancing rules &amp; the cuttingâ€¦	en	[{'screen_name': 'miss_petite_j', 'name': 'ngenarr-yassin jeng', 'id': '3289128560'}]	[]	[]	0	3	0	['vawg']	[]	https://twitter.com/AltowrOrg/status/1281557695875764224	True	0	0					3289128560	While cases of #VAWG are on the rise, there is an imminent backlog of cases due to social distancing rules &amp; the cutting back of work hours, including that of the legal system. This is many cases will in turn lead to frustration &amp; abandonment of cases by survivors.	1281555652226306049	[]	2020-07-10 12:47:32 W. Central Africa Standard Time"
121, Central Africa Standard Time	,2020-07-10,"		RT @ChiomaChuka: @AltowrOrg Why are these centres not properly funded, not adequately budgeted for within most states? Why are they largelyâ€¦	en	""[{'screen_name': 'chiomachuka', 'name': 'chioma agwuegbo', 'id': '57182930'}, {'screen_name': 'altowrorg', 'name': """"african legal think tank on women's rights"""", 'id': '1244001565599506433'}]""	[]	[]	0	8	0	[]	[]	https://twitter.com/AltowrOrg/status/1281557593220055043	True	0	0					57182930	""@AltowrOrg Why are these centres not properly funded, not adequately budgeted for within most states? Why are they largely dependent on international funding?"
122,y do we not have parable data on the numbers of citizens that access these centres &amp; the cases that go to court?,,
123,"Talks""	1281557497011150848	[]	",1281557497011150848,
124, Central Africa Standard Time	,2020-07-10,"		RT @ChiomaChuka: @AltowrOrg @Farida_N @miss_petite_j @NGRPresident @buky @BukkyShonibare @HamzyCODE @DSamsonItodo @AyodejiOsowobi @_yemia @â€¦	en	""[{'screen_name': 'chiomachuka', 'name': 'chioma agwuegbo', 'id': '57182930'}, {'screen_name': 'altowrorg', 'name': """"african legal think tank on women's rights"""", 'id': '1244001565599506433'}, {'screen_name': 'farida_n', 'name': 'farida bemba nabourema', 'id': '34144915'}, {'screen_name': 'miss_petite_j', 'name': 'ngenarr-yassin jeng', 'id': '3289128560'}, {'screen_name': 'ngrpresident', 'name': 'presidency nigeria', 'id': '2964950313'}, {'screen_name': 'buky', 'name': 'buky', 'id': '15459487'}, {'screen_name': 'bukkyshonibare', 'name': 'bukky shonibare', 'id': '129962786'}, {'screen_name': 'hamzycode', 'name': 'hamzat lawal', 'id': '170999656'}, {'screen_name': 'dsamsonitodo', 'name': '#nottooyoungtorun', 'id': '42731610'}, {'screen_name': 'ayodejiosowobi', 'name': 'oluwaseun ayodeji osowobi', 'id': '111579971'}, {'screen_name': '_yemia', 'name': 'a nation @ war', 'id': '18306269'}]""	[]	[]	0	11	0	[]	[]	https://twitter.com/AltowrOrg/status/1281557153594179586	True	0	0					57182930	""@AltowrOrg @Farida_N @miss_petite_j @NGRPresident @buky @BukkyShonibare @HamzyCODE @DSamsonItodo @AyodejiOsowobi @_yemia @dorymanze @MTechLaw A SARC (Sexual Assault Referral Centre) provides free medical, legal, &amp; psychosocial support for people who have suffered any form of SGBV. @HerStoryOSNG is an excellent resource in this regard."
125,y then do we have only 18 SARCs in less than half of the 36 states?,,
126,"Talks""	1281557025810518016	[]	",1281557025810518016,
127, Central Africa Standard Time	,2020-07-10,"		RT @ChiomaChuka: @AltowrOrg @Farida_N @miss_petite_j @NGRPresident @buky @BukkyShonibare @HamzyCODE @DSamsonItodo @AyodejiOsowobi @_yemia @â€¦	en	""[{'screen_name': 'chiomachuka', 'name': 'chioma agwuegbo', 'id': '57182930'}, {'screen_name': 'altowrorg', 'name': """"african legal think tank on women's rights"""", 'id': '1244001565599506433'}, {'screen_name': 'farida_n', 'name': 'farida bemba nabourema', 'id': '34144915'}, {'screen_name': 'miss_petite_j', 'name': 'ngenarr-yassin jeng', 'id': '3289128560'}, {'screen_name': 'ngrpresident', 'name': 'presidency nigeria', 'id': '2964950313'}, {'screen_name': 'buky', 'name': 'buky', 'id': '15459487'}, {'screen_name': 'bukkyshonibare', 'name': 'bukky shonibare', 'id': '129962786'}, {'screen_name': 'hamzycode', 'name': 'hamzat lawal', 'id': '170999656'}, {'screen_name': 'dsamsonitodo', 'name': '#nottooyoungtorun', 'id': '42731610'}, {'screen_name': 'ayodejiosowobi', 'name': 'oluwaseun ayodeji osowobi', 'id': '111579971'}, {'screen_name': '_yemia', 'name': 'a nation @ war', 'id': '18306269'}]""	[]	[]	0	10	0	[]	[]	https://twitter.com/AltowrOrg/status/1281556553502523392	True	0	0					57182930	""@AltowrOrg @Farida_N @miss_petite_j @NGRPresident @buky @BukkyShonibare @HamzyCODE @DSamsonItodo @AyodejiOsowobi @_yemia @dorymanze @MTechLaw We rallied women's groups + civil society, and called for a declaration of a #StateOfEmergencyGBV in the country."
128,,,
129,"Talks""	1281556448196071424	[]	",1281556448196071424,
130, Central Africa Standard Time	,2020-07-10,"		RT @ChiomaChuka: @AltowrOrg @Farida_N @miss_petite_j @NGRPresident Q2. I had separate calls with @buky, @BukkyShonibare, @HamzyCODE, @DSamsâ€¦	en	""[{'screen_name': 'chiomachuka', 'name': 'chioma agwuegbo', 'id': '57182930'}, {'screen_name': 'altowrorg', 'name': """"african legal think tank on women's rights"""", 'id': '1244001565599506433'}, {'screen_name': 'farida_n', 'name': 'farida bemba nabourema', 'id': '34144915'}, {'screen_name': 'miss_petite_j', 'name': 'ngenarr-yassin jeng', 'id': '3289128560'}, {'screen_name': 'ngrpresident', 'name': 'presidency nigeria', 'id': '2964950313'}, {'screen_name': 'buky', 'name': 'buky', 'id': '15459487'}, {'screen_name': 'bukkyshonibare', 'name': 'bukky shonibare', 'id': '129962786'}, {'screen_name': 'hamzycode', 'name': 'hamzat lawal', 'id': '170999656'}]""	[]	[]	0	9	0	[]	[]	https://twitter.com/AltowrOrg/status/1281556378214182912	True	0	0					57182930	""@AltowrOrg @Farida_N @miss_petite_j @NGRPresident Q2. I had separate calls with @buky, @BukkyShonibare, @HamzyCODE, @DSamsonItodo, @AyodejiOsowobi, @_yemia, @dorymanze, and @MTechLaw the day we heard of the deaths of Uwa and Barakat, and in saying enough was enough, #StateOfEmergencyGBV was born."
131,"Talks""	1281555781645729794	[]	",1281555781645729794,
132, Central Africa Standard Time	,2020-07-10,"		""@Farida_N @ChiomaChuka @miss_petite_j Linked to what you have highlighted @Farida_N - Q3: With your involvement in several movements and initiatives for Democracy and the Rule of Law, what the """"New Normal"""" should look like for the Third Sector to ensure the full respect and recognition of women's rights? #ALTOWRTalks  https://t.co/ii3dSoQ1CZ""	en	[{'screen_name': 'farida_n', 'name': 'farida bemba nabourema', 'id': '34144915'}]	[]	['https://pbs.twimg.com/media/EckAqf-XkAAtmIU.png']	0	1	2	['altowrtalks']	[]	https://twitter.com/AltowrOrg/status/1281556367246069765	False	0	1	https://pbs.twimg.com/media/EckAqf-XkAAtmIU.png							[{'screen_name': 'Farida_N', 'name': 'Farida Bemba Nabourema', 'id': '34144915'}, {'screen_name': 'ChiomaChuka', 'name': 'Chioma Agwuegbo', 'id': '57182930'}, {'screen_name': 'miss_petite_j', 'name': 'Ngenarr-Yassin Jeng', 'id': '3289128560'}]"
133, Central Africa Standard Time	,2020-07-10,"		@Farida_N @ChiomaChuka @miss_petite_j Thank you @Farida_N for highlighting such a trend: women and girls are facing difficulties in accessing justice, and often are not aware of what's the correct procedure. Everything is exacerbated by the culture of impunity, with devastating effects on their courage. #ALTOWRTalks	en	[{'screen_name': 'farida_n', 'name': 'farida bemba nabourema', 'id': '34144915'}]	[]	[]	1	1	2	['altowrtalks']	[]	https://twitter.com/AltowrOrg/status/1281556051658256385	False	0	0								[{'screen_name': 'Farida_N', 'name': 'Farida Bemba Nabourema', 'id': '34144915'}, {'screen_name': 'ChiomaChuka', 'name': 'Chioma Agwuegbo', 'id': '57182930'}, {'screen_name': 'miss_petite_j', 'name': 'Ngenarr-Yassin Jeng', 'id': '3289128560'}]"
134, Central Africa Standard Time	,2020-07-10,"		RT @Farida_N: @AltowrOrg @ChiomaChuka @miss_petite_j Some teenage girls, some even underaged have reached out to me for support because theâ€¦	en	""[{'screen_name': 'farida_n', 'name': 'farida bemba nabourema', 'id': '34144915'}, {'screen_name': 'altowrorg', 'name': """"african legal think tank on women's rights"""", 'id': '1244001565599506433'}, {'screen_name': 'chiomachuka', 'name': 'chioma agwuegbo', 'id': '57182930'}, {'screen_name': 'miss_petite_j', 'name': 'ngenarr-yassin jeng', 'id': '3289128560'}]""	[]	[]	0	3	0	[]	[]	https://twitter.com/AltowrOrg/status/1281553963305840641	True	0	0					34144915	@AltowrOrg @ChiomaChuka @miss_petite_j Some teenage girls, some even underaged have reached out to me for support because they were sexually abused by members of the ruling family and because some of them exposed the rapists on social media, their families are being harassed and abused.	1281553925934587904	[]	2020-07-10 12:40:40 W. Central Africa Standard Time"
135, Central Africa Standard Time	,2020-07-10,"		RT @miss_petite_j: The response also did not cater for the informal sector which is mostly occupied by women thereby affecting their sourceâ€¦	en	[{'screen_name': 'miss_petite_j', 'name': 'ngenarr-yassin jeng', 'id': '3289128560'}]	[]	[]	0	3	0	[]	[]	https://twitter.com/AltowrOrg/status/1281553689711345665	True	0	0					3289128560	The response also did not cater for the informal sector which is mostly occupied by women thereby affecting their source of income. #ALTOWRTalks	1281553605762351105	[]	2020-07-10 12:39:24 W. Central Africa Standard Time"
136, Central Africa Standard Time	,2020-07-10,"		RT @miss_petite_j: The rise of #VAWG is a clear manifestation of the inadequacies in our systems. The response to #covid19 did not take intâ€¦	en	[{'screen_name': 'miss_petite_j', 'name': 'ngenarr-yassin jeng', 'id': '3289128560'}]	[]	[]	0	3	0	['vawg', 'covid19']	[]	https://twitter.com/AltowrOrg/status/1281553676297998337	True	0	0					3289128560	The rise of #VAWG is a clear manifestation of the inadequacies in our systems. The response to #covid19 did not take into consideration the welfare of at risk women and girls which resulted in an increase of violence in homes as there are no safe shelters.	1281553273229582336	[]	2020-07-10 12:38:05 W. Central Africa Standard Time"
137, Central Africa Standard Time	,2020-07-10,"		RT @Farida_N: @AltowrOrg @ChiomaChuka @miss_petite_j There is extreme impunity when it comes to gender based violence in #Togo. Very recentâ€¦	en	""[{'screen_name': 'farida_n', 'name': 'farida bemba nabourema', 'id': '34144915'}, {'screen_name': 'altowrorg', 'name': """"african legal think tank on women's rights"""", 'id': '1244001565599506433'}, {'screen_name': 'chiomachuka', 'name': 'chioma agwuegbo', 'id': '57182930'}, {'screen_name': 'miss_petite_j', 'name': 'ngenarr-yassin jeng', 'id': '3289128560'}]""	[]	[]	0	2	0	['togo']	[]	https://twitter.com/AltowrOrg/status/1281553550145916930	True	0	0					34144915	@AltowrOrg @ChiomaChuka @miss_petite_j There is extreme impunity when it comes to gender based violence in #Togo. Very recently, women took action and filed a lawsuit against a popular musician who is serial rapist. He was freed a few weeks later despite being indicted because he is friend with dictators @FEGnassingbe	1281553518478987264	[]	2020-07-10 12:39:03 W. Central Africa Standard Time"
138, Central Africa Standard Time	,2020-07-10,"		RT @miss_petite_j: A1. #COVID19 has shown just how fragile and unstable our systems are. Not only have we seen that #Gambia was not ready fâ€¦	en	[{'screen_name': 'miss_petite_j', 'name': 'ngenarr-yassin jeng', 'id': '3289128560'}]	[]	[]	0	8	0	['covid19', 'gambia']	[]	https://twitter.com/AltowrOrg/status/1281553238509182976	True	https://twitter.com/AltowrOrg/status/1281545886837944322	0					3289128560	A1. #COVID19 has shown just how fragile and unstable our systems are. Not only have we seen that #Gambia was not ready for a pandemic but has also shown the inadequacies in our system especially in response to the needs of women and girls. #ALTOWRTalks	1281553161526927360	[]	2020-07-10 12:37:38 W. Central Africa Standard Time"
139, Central Africa Standard Time	,2020-07-10,"		RT @Farida_N: @AltowrOrg @ChiomaChuka @miss_petite_j Thank you for having me on this panel. We have to start from the ressources that wereâ€¦	en	""[{'screen_name': 'farida_n', 'name': 'farida bemba nabourema', 'id': '34144915'}, {'screen_name': 'altowrorg', 'name': """"african legal think tank on women's rights"""", 'id': '1244001565599506433'}, {'screen_name': 'chiomachuka', 'name': 'chioma agwuegbo', 'id': '57182930'}, {'screen_name': 'miss_petite_j', 'name': 'ngenarr-yassin jeng', 'id': '3289128560'}]""	[]	[]	0	2	0	[]	[]	https://twitter.com/AltowrOrg/status/1281553161816350722	True	0	0					34144915	@AltowrOrg @ChiomaChuka @miss_petite_j Thank you for having me on this panel. We have to start from the ressources that were available to deal with VAW in our country Pre-Covid. #Togo didnâ€™t even have an agency dedicated to deal with such before COCID and now that the cases have multiplied, itâ€™s even worse	1281553042735857667	[]	2020-07-10 12:37:10 W. Central Africa Standard Time"
140, Central Africa Standard Time	,2020-07-10,"		""@ChiomaChuka @Farida_N @miss_petite_j @NGRPresident Given your answers, @ChiomaChuka  : - Q2: Can you please tell us more about the #StateofEmergencyonGBV campaign and what the """"New Normal"""" looks like in the Country? What shall we expect for the rights of Women and Girls? #ALTOWRTalks  https://t.co/9pVc8eaNR0""	en	[{'screen_name': 'chiomachuka', 'name': 'chioma agwuegbo', 'id': '57182930'}]	[]	['https://pbs.twimg.com/media/Ecj9xv7X0AIxhLE.png']	1	5	4	['stateofemergencyongbv', 'altowrtalks']	[]	https://twitter.com/AltowrOrg/status/1281553151729041408	False	0	1	https://pbs.twimg.com/media/Ecj9xv7X0AIxhLE.png							[{'screen_name': 'ChiomaChuka', 'name': 'Chioma Agwuegbo', 'id': '57182930'}, {'screen_name': 'Farida_N', 'name': 'Farida Bemba Nabourema', 'id': '34144915'}, {'screen_name': 'miss_petite_j', 'name': 'Ngenarr-Yassin Jeng', 'id': '3289128560'}, {'screen_name': 'NGRPresident', 'name': 'Presidency Nigeria', 'id': '2964950313'}]"
141, Central Africa Standard Time	,2020-07-10,"		@ChiomaChuka @Farida_N @miss_petite_j @NGRPresident Thank you, @ChiomaChuka , for highlighting the lack of a comprehensive response from @NGRPresident to the rise of #VAWG during #COVID19. Indeed, frontline services and access to justice haven't been prioritized and given the needed attention.	en	[{'screen_name': 'chiomachuka', 'name': 'chioma agwuegbo', 'id': '57182930'}, {'screen_name': 'ngrpresident', 'name': 'presidency nigeria', 'id': '2964950313'}]	[]	[]	1	2	2	['vawg', 'covid19']	[]	https://twitter.com/AltowrOrg/status/1281552728897064965	False	0	0								[{'screen_name': 'ChiomaChuka', 'name': 'Chioma Agwuegbo', 'id': '57182930'}, {'screen_name': 'Farida_N', 'name': 'Farida Bemba Nabourema', 'id': '34144915'}, {'screen_name': 'miss_petite_j', 'name': 'Ngenarr-Yassin Jeng', 'id': '3289128560'}, {'screen_name': 'NGRPresident', 'name': 'Presidency Nigeria', 'id': '2964950313'}]"
142, Central Africa Standard Time	,2020-07-10,"		RT @rotexonline: @ChiomaChuka @AltowrOrg @Farida_N @miss_petite_j @NGRPresident What are the major barriers to the domestication of these fâ€¦	en	""[{'screen_name': 'rotexonline', 'name': 'rotimi olawale', 'id': '39546343'}, {'screen_name': 'chiomachuka', 'name': 'chioma agwuegbo', 'id': '57182930'}, {'screen_name': 'altowrorg', 'name': """"african legal think tank on women's rights"""", 'id': '1244001565599506433'}, {'screen_name': 'farida_n', 'name': 'farida bemba nabourema', 'id': '34144915'}, {'screen_name': 'miss_petite_j', 'name': 'ngenarr-yassin jeng', 'id': '3289128560'}, {'screen_name': 'ngrpresident', 'name': 'presidency nigeria', 'id': '2964950313'}]""	[]	[]	0	4	0	[]	[]	https://twitter.com/AltowrOrg/status/1281552270107258880	True	0	0					39546343	@ChiomaChuka @AltowrOrg @Farida_N @miss_petite_j @NGRPresident What are the major barriers to the domestication of these flagship legislation? #ALTOWRTalks	1281552040703995906	[]	2020-07-10 12:33:11 W. Central Africa Standard Time"
143, Central Africa Standard Time	,2020-07-10,"		RT @ChiomaChuka: @AltowrOrg @Farida_N @miss_petite_j @NGRPresident Look at the curve of reds on the map of the CRA. What is the difficultyâ€¦	en	""[{'screen_name': 'chiomachuka', 'name': 'chioma agwuegbo', 'id': '57182930'}, {'screen_name': 'altowrorg', 'name': """"african legal think tank on women's rights"""", 'id': '1244001565599506433'}, {'screen_name': 'farida_n', 'name': 'farida bemba nabourema', 'id': '34144915'}, {'screen_name': 'miss_petite_j', 'name': 'ngenarr-yassin jeng', 'id': '3289128560'}, {'screen_name': 'ngrpresident', 'name': 'presidency nigeria', 'id': '2964950313'}]""	[]	[]	0	3	0	[]	[]	https://twitter.com/AltowrOrg/status/1281552233402859520	True	0	0					57182930	""@AltowrOrg @Farida_N @miss_petite_j @NGRPresident Look at the curve of reds on the map of the CRA. What is the difficulty in protecting children? What could be so egregious about halting child marriage, especially since it's the children of the vulnerable getting married off? Cos the kids of the rich are safe."
144,"Talks""	1281551967345664002	[]	",1281551967345664002,
145, Central Africa Standard Time	,2020-07-10,"		RT @ChiomaChuka: @AltowrOrg @Farida_N @miss_petite_j @NGRPresident See the Violence Against Persons Prohibition Act of 2015 &amp; the Child Rigâ€¦	en	""[{'screen_name': 'chiomachuka', 'name': 'chioma agwuegbo', 'id': '57182930'}, {'screen_name': 'altowrorg', 'name': """"african legal think tank on women's rights"""", 'id': '1244001565599506433'}, {'screen_name': 'farida_n', 'name': 'farida bemba nabourema', 'id': '34144915'}, {'screen_name': 'miss_petite_j', 'name': 'ngenarr-yassin jeng', 'id': '3289128560'}, {'screen_name': 'ngrpresident', 'name': 'presidency nigeria', 'id': '2964950313'}]""	[]	[]	0	10	0	[]	[]	https://twitter.com/AltowrOrg/status/1281550411531456514	True	0	0					57182930	""@AltowrOrg @Farida_N @miss_petite_j @NGRPresident See the Violence Against Persons Prohibition Act of 2015 &amp; the Child "
146,,,
147,"Talks https://t.co/HG5sxw45r6""	1281550334696001538	[]	",1281550334696001538,
148, Central Africa Standard Time	,2020-07-10,"		RT @ChiomaChuka: @AltowrOrg @Farida_N @miss_petite_j @NGRPresident Nigeria does not not have a Unified Legal Protocols for #SGBV, and whereâ€¦	en	""[{'screen_name': 'chiomachuka', 'name': 'chioma agwuegbo', 'id': '57182930'}, {'screen_name': 'altowrorg', 'name': """"african legal think tank on women's rights"""", 'id': '1244001565599506433'}, {'screen_name': 'farida_n', 'name': 'farida bemba nabourema', 'id': '34144915'}, {'screen_name': 'miss_petite_j', 'name': 'ngenarr-yassin jeng', 'id': '3289128560'}, {'screen_name': 'ngrpresident', 'name': 'presidency nigeria', 'id': '2964950313'}]""	[]	[]	0	6	0	['sgbv']	[]	https://twitter.com/AltowrOrg/status/1281549316843343874	True	0	0					57182930	""@AltowrOrg @Farida_N @miss_petite_j @NGRPresident Nigeria does not not have a Unified Legal Protocols for #SGBV, and where frameworks exist, they are easily subsumed (often entirely) by culture and religion. How do we have lawmakers who are more loyal to their cultures/religion than the constitution?"
149,"Talks""	1281549",1281549205996273666,
150, Central Africa Standard Time	,2020-07-10,"		RT @ChiomaChuka: @AltowrOrg @Farida_N @miss_petite_j @NGRPresident When you consider the representation of women in the Presidential Task Fâ€¦	en	""[{'screen_name': 'chiomachuka', 'name': 'chioma agwuegbo', 'id': '57182930'}, {'screen_name': 'altowrorg', 'name': """"african legal think tank on women's rights"""", 'id': '1244001565599506433'}, {'screen_name': 'farida_n', 'name': 'farida bemba nabourema', 'id': '34144915'}, {'screen_name': 'miss_petite_j', 'name': 'ngenarr-yassin jeng', 'id': '3289128560'}, {'screen_name': 'ngrpresident', 'name': 'presidency nigeria', 'id': '2964950313'}]""	[]	[]	0	5	0	[]	[]	https://twitter.com/AltowrOrg/status/1281548350593159168	True	0	0					57182930	""@AltowrOrg @Farida_N @miss_petite_j @NGRPresident When you consider the representation of women in the Presidential Task Force on #COVID19, consider the fact that we're still trying to get #SGBV response designated as an essential service so responders can move around during curfew, it's not a good place to be."
151,"Talks""	1281548143981744129	[]	",1281548143981744129,
152, Central Africa Standard Time	,2020-07-10,"		RT @ChiomaChuka: @AltowrOrg @Farida_N @miss_petite_j Thank you for having me. Beyond statements from various arms of govt, @NGRPresident haâ€¦	en	""[{'screen_name': 'chiomachuka', 'name': 'chioma agwuegbo', 'id': '57182930'}, {'screen_name': 'altowrorg', 'name': """"african legal think tank on women's rights"""", 'id': '1244001565599506433'}, {'screen_name': 'farida_n', 'name': 'farida bemba nabourema', 'id': '34144915'}, {'screen_name': 'miss_petite_j', 'name': 'ngenarr-yassin jeng', 'id': '3289128560'}, {'screen_name': 'ngrpresident', 'name': 'presidency nigeria', 'id': '2964950313'}]""	[]	[]	0	6	0	[]	[]	https://twitter.com/AltowrOrg/status/1281548120984363008	True	0	0					57182930	""@AltowrOrg @Farida_N @miss_petite_j Thank you for having me. Beyond statements from various arms of govt, @NGRPresident hasn't handled the rising cases of violence against women with the urgency it deserves. It is still incredibly difficult to get justice for #SGBV cases reported across the country."
153,"Talks""	1281547544833605635	[]	",1281547544833605635,
154, Central Africa Standard Time	,2020-07-10,"		The first question to our guests ( @ChiomaChuka  ; @Farida_N  ; @miss_petite_j ) is: Q1 - As we are dealing with the current pandemic and the rise of #VAWG, what is your overall opinion of the governmental responses, including the sensitivity on women and girls? #ALTOWRTalks  https://t.co/ox8ldN3sFX	en	[{'screen_name': 'chiomachuka', 'name': 'chioma agwuegbo', 'id': '57182930'}, {'screen_name': 'farida_n', 'name': 'farida bemba nabourema', 'id': '34144915'}, {'screen_name': 'miss_petite_j', 'name': 'ngenarr-yassin jeng', 'id': '3289128560'}]	[]	['https://pbs.twimg.com/media/Ecj3GKRWAAAceCQ.png']	3	7	7	['vawg', 'altowrtalks']	[]	https://twitter.com/AltowrOrg/status/1281545886837944322	False	0	1	https://pbs.twimg.com/media/Ecj3GKRWAAAceCQ.png							[]"
155, Central Africa Standard Time	,2020-07-10,"		Our third guest is Ngenarr-Yassin Jeng ( @miss_petite_j ) from The Gambia ðŸ‡¬ðŸ‡² . She is a Lawyer, Writer and Human "
156, Central Africa Standard Time	,2020-07-10,		Our second guest is Farida Nabourema ( @Farida_N ) from Togo ðŸ‡¹ðŸ‡¬ . She is the Director of The Togolese Civil League. Farida is a Human 
157, Central Africa Standard Time	,2020-07-10,"		Our first guest is Chioma Agwuegbo ( @ChiomaChuka ) from Nigeria ðŸ‡³ðŸ‡¬. She is the Executive Director of @TechHerNG. She is actively involved in the womenâ€™s rights movement, as her work intersects women, media, politics &amp; technology. #ALTOWRTalks  https://t.co/Thc0NaQJjg	en	[{'screen_name': 'chiomachuka', 'name': 'chioma agwuegbo', 'id': '57182930'}, {'screen_name': 'techherng', 'name': 'techherng', 'id': '3429594969'}]	[]	['https://pbs.twimg.com/media/Ecj1zXVWoAEmSQJ.png']	1	6	10	['altowrtalks']	[]	https://twitter.com/AltowrOrg/status/1281544429954883589	False	0	1	https://pbs.twimg.com/media/Ecj1zXVWoAEmSQJ.png							[]"
158, Central Africa Standard Time	,2020-07-10,"		Here's how it works. We have 4 questions for our guests, @ChiomaChuka  ; @Farida_N &amp; @miss_petite_j . To join the conversation, use the hashtag #ALTOWRTalks &amp; tag your answers with A1, A2, A3 &amp; A4. We invite the audience to engage and share their national &amp; regional experience.	en	[{'screen_name': 'chiomachuka', 'name': 'chioma agwuegbo', 'id': '57182930'}, {'screen_name': 'farida_n', 'name': 'farida bemba nabourema', 'id': '34144915'}, {'screen_name': 'miss_petite_j', 'name': 'ngenarr-yassin jeng', 'id': '3289128560'}]	[]	[]	1	5	6	['altowrtalks']	[]	https://twitter.com/AltowrOrg/status/1281544050408071168	False	0	0								[]"
159, Central Africa Standard Time	,2020-07-10,"		""Welcome to #ALTOWRTalks, everyone! We are excited to discuss with our guests The """"New Normal"""": A Momentum for Women's "
160, Central Africa Standard Time	,2020-07-10,"		""Are you joining our first #ALTOWRTalks on Twitter? We are hosting today, from 11 to 12 GMT, three amazing women to discuss The """"New Normal"""": A Momentum for Women's "
161, Central Africa Standard Time	,2020-07-09,"		""Tomorrow ( July 10, from 11 to 12 GMT ), we will be hosting on our Twitter account ( @AltowrOrg ) @miss_petite_j , @ChiomaChuka &amp; @Farida_N to discuss The """"New Normal"""": A Momentum for Women's "
162, Central Africa Standard Time	,2020-07-08,"		""@miss_petite_j , @ChiomaChuka &amp; @Farida_N will be joining #ALTOWRTalks to discuss The """"New Normal"""": A Momentum for Women's "
163, Central Africa Standard Time	,2020-07-08,"		""We are pleased to invite you to #ALTOWRTalks on The """"New Normal"""": A Momentum for Women's "
164, Central Africa Standard Time	,2020-07-01,"		The independent review committee is proceeding in the selection of @AltowrOrg Board of Director members. The following info graphic highlights the regional data of the received applications. A more detailed analysis will be presented in our BoD selection report.  https://t.co/SPAdgkRJRz	en	""[{'screen_name': 'altowrorg', 'name': """"african legal think tank on women's rights"""", 'id': '1244001565599506433'}]""	[]	['https://pbs.twimg.com/media/Eb1I7sRWoAA639y.jpg']	0	4	10	[]	[]	https://twitter.com/AltowrOrg/status/1278258065322774528	False	0	1	https://pbs.twimg.com/media/Eb1I7sRWoAA639y.jpg							[]"
165, Central Africa Standard Time	,2020-06-25,"		@ronkeadedoyin Not yet, we have acknowledged all the received applications and we are currently assessing the profiles. ðŸ™�ðŸ�½	en	[]	[]	[]	1	0	2	[]	[]	https://twitter.com/AltowrOrg/status/1276221264814800896	False	0	0								[]"
166, Central Africa Standard Time	,2020-06-25,"		We thank you for the wide dissemination &amp; support. We have received 53 expressions of interest to join @AltowrOrg BoD from ðŸ‡¹ðŸ‡¿, ðŸ‡³ðŸ‡¬, ðŸ‡¬ðŸ‡², ðŸ‡¨ðŸ‡², ðŸ‡°ðŸ‡ª, ðŸ‡ºðŸ‡¬, ðŸ‡²ðŸ‡¦, ðŸ‡¸ðŸ‡±, ðŸ‡¸ðŸ‡³, ðŸ‡¿ðŸ‡², ðŸ‡¿ðŸ‡¦, ðŸ‡²ðŸ‡¿, ðŸ‡³ðŸ‡¦, ðŸ‡¬ðŸ‡­, ðŸ‡¹ðŸ‡³ &amp; ðŸ‡ªðŸ‡¬. We will announce our BoD soon!  https://t.co/MTOMMiOJb9	en	""[{'screen_name': 'altowrorg', 'name': """"african legal think tank on women's rights"""", 'id': '1244001565599506433'}]""	[]	[]	3	8	16	[]	[]	https://twitter.com/AltowrOrg/status/1276197157213802502	False	0	1	https://pbs.twimg.com/ext_tw_video_thumb/1276197132702285826/pu/img/KvcuMZ_mCsB0sTvb.jpg							[]"
167, Central Africa Standard Time	,2020-06-22,"		We have received applications from the ðŸ‡¬ðŸ‡², ðŸ‡¹ðŸ‡¿, ðŸ‡³ðŸ‡¬, ðŸ‡¨ðŸ‡², ðŸ‡°ðŸ‡ª, ðŸ‡ºðŸ‡¬, ðŸ‡²ðŸ‡¦, ðŸ‡¸ðŸ‡±, ðŸ‡¸ðŸ‡³ &amp; ðŸ‡¿ðŸ‡². If interested, please send your resume &amp; letter of interest to sodfa@altowr.org ( info@altowr.org in CC ) by 6 PM ( EAT ) Thursday, June 25, 2020.	en	[]	[]	[]	0	3	6	[]	[]	https://twitter.com/AltowrOrg/status/1274969130614079489	False	https://twitter.com/AltowrOrg/status/1272448342996455425	0								[]"
168, Central Africa Standard Time	,2020-06-19,"		Today we will be joining @metro977fm to discuss @AltowrOrg launch, women's rights in Nigeria &amp; the Maputo Protocol to the African Charter. Tune in at 3.30 PM WAT. ( @AUBinetaDiop ; @SolomonADersso ; @achpr_cadhp )	en	""[{'screen_name': 'metro977fm', 'name': 'metro 97.7fm', 'id': '1278922717'}, {'screen_name': 'altowrorg', 'name': """"african legal think tank on women's rights"""", 'id': '1244001565599506433'}, {'screen_name': 'aubinetadiop', 'name': 'au special envoy bineta diop', 'id': '2558344267'}, {'screen_name': 'solomonadersso', 'name': 'solomon dersso, phd', 'id': '474900800'}, {'screen_name': 'achpr_cadhp', 'name': 'african commission on human and peoplesâ€™ rights', 'id': '1054383491549458433'}]""	[]	[]	0	3	8	[]	[]	https://twitter.com/AltowrOrg/status/1273936733906894848	False	0	0								[]"
169, Central Africa Standard Time	,2020-06-19,"		Thank you @LeadershipNGA for widely disseminating our statement and support to CSOs, activists and the Federal Republic of Nigeria to ensure that VAWG is promptly addressed.	en	[{'screen_name': 'leadershipnga', 'name': 'leadership news', 'id': '248929204'}]	[]	[]	0	1	4	[]	[]	https://twitter.com/AltowrOrg/status/1273930967938457600	False	https://twitter.com/LeadershipNGA/status/1273652252050423809	0								[]"
170, Central Africa Standard Time	,2020-06-19,"		We thank @daily_trust for widely disseminating our statement and strongest support to CSOs, activists and the Federal Republic of Nigeria to ensure that VAWG is duly and prompted addressed.	en	[{'screen_name': 'daily_trust', 'name': 'daily trust', 'id': '69271273'}]	[]	[]	0	1	5	[]	[]	https://twitter.com/AltowrOrg/status/1273925086567895041	False	https://twitter.com/daily_trust/status/1273671245591085057	0								[]"
171, Central Africa Standard Time	,2020-06-18,"		@AltowrOrg supports in the strongest terms the coalition of CSOs calling for the declaration of a State of Emergency on SGBV in Nigeria #StateOfEmergencyGBV - @TechHerNG ; @StandtoEndRape  https://t.co/W5qHzhEdkP	en	[{'screen_name': 'techherng', 'name': 'techherng', 'id': '3429594969'}, {'screen_name': 'standtoendrape', 'name': 's.t.e.r initiative', 'id': '1906214460'}]	[]	['https://pbs.twimg.com/media/EayZtwyX0AAPEqV.png', 'https://pbs.twimg.com/media/EayZurLXsAIdHf7.png']	0	17	14	['stateofemergencygbv']	[]	https://twitter.com/AltowrOrg/status/1273564470938386432	False	0	1	https://pbs.twimg.com/media/EayZtwyX0AAPEqV.png							[]"
172, Central Africa Standard Time	,2020-06-17,"		RT @AU_CIEFFA: Girls &amp; women's education is not only a human's right issue but also a national health matter. #KeepGirlsInSchool @NorwayAUâ€¦	en	[{'screen_name': 'au_cieffa', 'name': 'au_cieffa', 'id': '4926687075'}, {'screen_name': 'norwayau', 'name': 'norway | african union', 'id': '1049654808288919553'}]	[]	[]	0	11	0	['keepgirlsinschool']	[]	https://twitter.com/AltowrOrg/status/1273229679424679936	True	0	0					4926687075	Girls &amp; women's education is not only a human's right issue but also a national health matter. #KeepGirlsInSchool @NorwayAU @The_Vimbai @UNGEI @AltowrOrg @AUCEducation @Asa_official @letitiawright https://t.co/1Q63zAB1qP	1273228881466621952	[]	2020-06-17 13:19:55 W. Central Africa Standard Time"
173, Central Africa Standard Time	,2020-06-15,"		We are pleased to launch the Call for Applications for the @AltowrOrg Board of Directors. To be considered, please send your resume &amp; letter of interest to sodfa@altowr.org - in CC info@altowr.org by 6 PM ( EAT ) Thursday, June 25, 2020.  https://t.co/6nEu8b6s0M	en	""[{'screen_name': 'altowrorg', 'name': """"african legal think tank on women's rights"""", 'id': '1244001565599506433'}]""	[]	['https://pbs.twimg.com/media/Eaik3mOWoAE1Fg2.jpg']	2	17	22	[]	[]	https://twitter.com/AltowrOrg/status/1272448342996455425	False	0	1	https://pbs.twimg.com/media/Eaik3mOWoAE1Fg2.jpg							[]"
174, Central Africa Standard Time	,2020-06-12,		We have closed the application form. Thank you for taking the time to fill in the Application Form &amp; for your interest in joining our Volunteer Pool. We are currently responding to all applicants and we shall finalize by mid-next week. Stay tuned. ðŸ™�ðŸ�¼	en	[]	[]	[]	0	0	3	[]	[]	https://twitter.com/AltowrOrg/status/1271462189438775296	False	https://twitter.com/AltowrOrg/status/1271123968565473280	0								[]
175, Central Africa Standard Time	,2020-06-11,		We are overwhelmed and grateful for the support we are receiving so far. ðŸ™�ðŸ�½ We will be closing the applications for the first batch of our Pool of Volunteers tomorrow at 6 PM EAT. Follow the link &amp; join us:  https://t.co/s97FQcztyZ	en	[]	['https://altowrorg.typeform.com/to/R74qZj']	[]	0	1	7	[]	[]	https://twitter.com/AltowrOrg/status/1271123968565473280	False	https://twitter.com/AltowrOrg/status/1270303434948988937	0								[]
176, Central Africa Standard Time	,2020-06-11,"		We will be digitally engaged this month, prior to our launch expected on July 11, 2020. Follow @AltowrOrg 's social media accounts &amp; stay tuned!  https://t.co/iWK6DsPIYF	en	""[{'screen_name': 'altowrorg', 'name': """"african legal think tank on women's rights"""", 'id': '1244001565599506433'}]""	[]	[]	0	1	2	[]	[]	https://twitter.com/AltowrOrg/status/1270952907983257605	False	0	1	https://pbs.twimg.com/ext_tw_video_thumb/1270952109350031360/pu/img/4qhnQdlWWBegZPf4.jpg							[]"
177, Central Africa Standard Time	,2020-06-09,		We are looking for dynamic volunteers to join the African Legal Think Tank on Women's 
178, Central Africa Standard Time	,2020-04-28,"		RT @sodfadaaji: You definitely do not want to miss tomorrowâ€™s consultation, hosted by the @auyouthenvoy_ @aya_chebbi, with Dr @SolomonADersâ€¦	en	[{'screen_name': 'sodfadaaji', 'name': 'Øµ', 'id': '800319110240342016'}, {'screen_name': 'auyouthenvoy_', 'name': 'au youth envoy', 'id': '1100889915435429888'}, {'screen_name': 'aya_chebbi', 'name': 'aya chebbi', 'id': '363110413'}]	[]	[]	0	9	0	[]	[]	https://twitter.com/AltowrOrg/status/1255205823611056131	True	https://twitter.com/auyouthenvoy_/status/1254790917480833024	0					800319110240342016	You definitely do not want to miss tomorrowâ€™s consultation, hosted by the @auyouthenvoy_ @aya_chebbi, with Dr @SolomonADersso , the Chairperson of @achpr_cadhp . If you want to hear more about Human "
179, Central Africa Standard Time	,2020-04-21,"		9 - If you wish to support and/or get to know more about our work, please do not hesitate to reach out at info@altowr.org or to send a DM. Please be safe ðŸ™�ðŸ�½	en	[]	[]	[]	0	0	1	[]	[]	https://twitter.com/AltowrOrg/status/1252579777485123584	False	0	0								[]"
180, Central Africa Standard Time	,2020-04-21,"		8 - We will share more in the next days about our conversation and discussion with stakeholders, including OP-EDs we are working on with colleagues, CSOs representatives, and the collaboration with broadcast media platforms.	en	[]	[]	[]	1	0	3	[]	[]	https://twitter.com/AltowrOrg/status/1252579734908698624	False	0	0								[]"
181, Central Africa Standard Time	,2020-04-21,"		7 - Lastly, we are working closely with legal experts to produce a comprehensive assessment highlighting the evidence that inaccessible justice is negatively correlated with development, contributing to social exclusion and can undermine economic growth.	en	[]	[]	[]	1	0	2	[]	[]	https://twitter.com/AltowrOrg/status/1252579667661520896	False	0	0								[]"
182, Central Africa Standard Time	,2020-04-21,"		6 - The Justice System is poorly understood and perceived to be inaccessible by many women, and can be seen as a barrier to access Justice. In this regard, we aim at working closely with CSOs &amp; women's rights activists to provide more information and tailored training.	en	[]	[]	[]	1	1	3	[]	[]	https://twitter.com/AltowrOrg/status/1252579487214194688	False	0	0								[]"
183, Central Africa Standard Time	,2020-04-21,"		5 - We urge stakeholders in joining forces with legal experts to ensure that women and vulnerable groups are able to obtain legal information, advice and assistance. We are currently working with legal experts, professors and CSOs representatives to launch a tailored campaign.	en	[]	[]	[]	1	0	2	[]	[]	https://twitter.com/AltowrOrg/status/1252579432730177536	False	0	0								[]"
184, Central Africa Standard Time	,2020-04-21,"		4 - Access to Justice expands far beyond access to courts or dispute resolution processes: we are working closely with legal experts to call upon stakeholders in adopting a broader legal lens while developing measures of containment, to ensure that HR &amp; WR are protected.	en	[]	[]	[]	1	0	2	[]	[]	https://twitter.com/AltowrOrg/status/1252579361091391491	False	0	0								[]"
185, Central Africa Standard Time	,2020-04-21,"		3 - The Digital Divide impedes access to legal needs: We recognize that women are possibly forced into lockdown with their abusers and perpetrators. We need to join forces and brainstorm practically how to support women who wish to seek legal information, advice or assistance	en	[]	[]	[]	1	1	3	[]	[]	https://twitter.com/AltowrOrg/status/1252579001119518720	False	0	0								[]"
186, Central Africa Standard Time	,2020-04-21,"		2 - We believe that Access to Justice is an Essential Service: we are developing an action plan to work with different stakeholders to enhance legal aid programmes, to support legal awareness and public outreach campaigns.	en	[]	[]	[]	1	0	2	[]	[]	https://twitter.com/AltowrOrg/status/1252578910757425152	False	0	0								[]"
187, Central Africa Standard Time	,2020-04-21,"		1 - One of the major challenges, for women and vulnerable groups, in accessing justice is the cost of legal advice and representation: we are currently assessing legal aid programmes in several African countries &amp; the impact of the pandemic in pro-bono legal services.	en	[]	[]	[]	1	0	2	[]	[]	https://twitter.com/AltowrOrg/status/1252578854486642690	False	0	0								[]"
188, Central Africa Standard Time	,2020-04-21,		[ THREAD ] The African Legal Think Tank on Women's 
189, Central Africa Standard Time	,2020-04-11,"		RT @sodfadaaji: I am excited to announce that on July 11, 2020, we will be launching The African Legal Think Tank on Womenâ€™s "
